#{"t_start": 1581668713.187264, "env_id": "FetchPickAndPlace-v1"}
s,r,l,t
,-50.0,50,6.247307
,-50.0,50,8.108341
,-50.0,50,9.679962
,-50.0,50,11.288192
,-50.0,50,12.890892
,-50.0,50,14.461057
,-50.0,50,16.07262
,-50.0,50,17.6533
,-50.0,50,19.277288
,-50.0,50,20.841782
,-50.0,50,22.457663
,0.0,50,24.029706
,-50.0,50,25.65413
,-50.0,50,27.247409
,-50.0,50,28.836406
,-50.0,50,30.403465
,-50.0,50,31.984152
,-50.0,50,33.581099
,-50.0,50,35.171896
,-50.0,50,36.75358
,-50.0,50,38.377007
,-50.0,50,39.989285
,-50.0,50,41.543811
,-50.0,50,43.156733
,-50.0,50,44.748513
,-50.0,50,46.339924
,-50.0,50,47.907192
,-50.0,50,49.506207
,-50.0,50,51.115145
,-50.0,50,52.7423
,-50.0,50,54.314115
,-50.0,50,55.914959
,-50.0,50,57.494918
,0.0,50,59.073443
,-50.0,50,60.662069
,-50.0,50,62.26093
,-50.0,50,63.876638
,-50.0,50,65.442782
,-50.0,50,67.040165
,-50.0,50,68.661416
,-50.0,50,70.234496
,-50.0,50,71.84
,-50.0,50,73.387617
,-50.0,50,75.030126
,-50.0,50,76.599708
,-50.0,50,78.208037
,-50.0,50,79.791233
,-50.0,50,81.365089
,-50.0,50,82.976035
,-50.0,50,84.564651
,-50.0,50,86.185766
,0.0,50,86.461033
,-50.0,50,86.724975
,-50.0,50,86.994879
,-50.0,50,87.250261
,-50.0,50,87.513569
,-50.0,50,87.780188
,-50.0,50,88.046214
,-50.0,50,88.289609
,-50.0,50,88.54234
,-50.0,50,88.907362
,-50.0,50,90.524695
,-50.0,50,92.135008
,-50.0,50,93.706462
,-50.0,50,95.305693
,-50.0,50,96.894541
,-50.0,50,98.526707
,-50.0,50,100.104249
,-50.0,50,101.674667
,-50.0,50,103.268066
,-50.0,50,104.887684
,-50.0,50,106.445698
,0.0,50,108.095447
,0.0,50,109.667261
,-50.0,50,111.290395
,-50.0,50,112.874999
,-50.0,50,114.455833
,-50.0,50,116.064252
,-50.0,50,117.675039
,-50.0,50,119.264171
,-50.0,50,120.833098
,-50.0,50,122.468362
,-50.0,50,124.07349
,-50.0,50,125.638819
,-50.0,50,127.263237
,-50.0,50,128.883038
,-50.0,50,130.502342
,-50.0,50,132.088825
,-50.0,50,133.702756
,-50.0,50,135.290582
,-50.0,50,136.876594
,-50.0,50,138.478915
,-50.0,50,140.099383
,-50.0,50,141.713223
,-50.0,50,143.312644
,-50.0,50,144.913843
,-50.0,50,146.51277
,-50.0,50,148.127258
,-50.0,50,149.681813
,-50.0,50,151.311692
,-50.0,50,152.875135
,-50.0,50,154.47462
,-50.0,50,156.0589
,-50.0,50,157.648678
,0.0,50,159.255169
,-50.0,50,160.848978
,-50.0,50,162.438267
,-50.0,50,164.031172
,-50.0,50,165.660495
,-50.0,50,167.271952
,-50.0,50,168.906813
,-50.0,50,169.146633
,-50.0,50,169.39431
,-50.0,50,169.649259
,-50.0,50,169.913174
,-50.0,50,170.170401
,-50.0,50,170.452664
,-50.0,50,170.735488
,-50.0,50,171.000599
,-50.0,50,171.262603
,-50.0,50,171.612394
,-50.0,50,173.221846
,-50.0,50,174.82285
,-50.0,50,176.434846
,-50.0,50,178.019904
,-50.0,50,179.624595
,-50.0,50,181.22983
,-50.0,50,182.8146
,-50.0,50,184.410454
,-50.0,50,186.036289
,-50.0,50,187.631566
,-50.0,50,189.213937
,-50.0,50,190.809095
,-50.0,50,192.428391
,-50.0,50,194.023802
,-50.0,50,195.606371
,-50.0,50,197.241315
,-50.0,50,198.809331
,-50.0,50,200.456189
,-50.0,50,202.036282
,-50.0,50,203.641105
,-50.0,50,205.201009
,-50.0,50,206.871598
,-50.0,50,208.453517
,-50.0,50,210.023839
,-50.0,50,211.645052
,-50.0,50,213.256346
,-50.0,50,214.817499
,-50.0,50,216.44722
,-50.0,50,218.046418
,-50.0,50,219.64656
,-50.0,50,221.233588
,-50.0,50,222.814405
,-50.0,50,224.423463
,-50.0,50,226.030999
,-50.0,50,227.622211
,-50.0,50,229.257659
,-50.0,50,230.840432
,-50.0,50,232.453497
,-50.0,50,234.016861
,-50.0,50,235.614794
,-50.0,50,237.253349
,-50.0,50,238.838248
,-50.0,50,240.456113
,-50.0,50,242.064183
,-50.0,50,243.656762
,-50.0,50,245.224266
,-50.0,50,246.813664
,-50.0,50,248.433609
,-50.0,50,250.024358
,-50.0,50,251.666285
,-50.0,50,251.920336
,-50.0,50,252.187319
,-50.0,50,252.466216
,-50.0,50,252.74047
,-50.0,50,253.014559
,-50.0,50,253.292577
,-50.0,50,253.55246
,-50.0,50,253.815091
,-50.0,50,254.063119
,-50.0,50,254.366578
,-50.0,50,255.943837
,-50.0,50,257.578915
,-50.0,50,259.17461
,-50.0,50,260.796586
,-50.0,50,262.360358
,-50.0,50,263.979936
,-50.0,50,265.57755
,-50.0,50,267.17472
,-50.0,50,268.792476
,-50.0,50,270.375866
,-50.0,50,271.995115
,-50.0,50,273.62199
,-50.0,50,275.212129
,-50.0,50,276.800597
,-50.0,50,278.405043
,-50.0,50,280.0075
,-50.0,50,281.580102
,-50.0,50,283.22313
,-50.0,50,284.808231
,-50.0,50,286.417266
,-50.0,50,288.013204
,-50.0,50,289.635566
,-50.0,50,291.209773
,-50.0,50,292.822014
,-50.0,50,294.430446
,-50.0,50,296.024513
,-50.0,50,297.638801
,-50.0,50,299.243628
,-50.0,50,300.856397
,-50.0,50,302.448793
,-50.0,50,304.06087
,-50.0,50,305.649874
,-50.0,50,307.257072
,-50.0,50,308.863456
,-50.0,50,310.446191
,-50.0,50,312.06403
,-50.0,50,313.658599
,-50.0,50,315.233616
,-50.0,50,316.848112
,-50.0,50,318.438682
,-50.0,50,320.098068
,-50.0,50,321.697155
,-50.0,50,323.294648
,-50.0,50,324.906277
,-50.0,50,326.513693
,-50.0,50,328.110778
,-50.0,50,329.704345
,-50.0,50,331.323067
,-50.0,50,332.896527
,-50.0,50,334.548231
,-50.0,50,334.801339
,-50.0,50,335.08077
,-50.0,50,335.34538
,-50.0,50,335.596403
,0.0,50,335.867174
,-50.0,50,336.138367
,-50.0,50,336.39094
,-50.0,50,336.637383
,-50.0,50,336.897473
,-50.0,50,337.242793
,-50.0,50,338.818515
,-50.0,50,340.437279
,-50.0,50,342.07759
,-50.0,50,343.703533
,-50.0,50,345.313739
,-50.0,50,346.910871
,-50.0,50,348.503902
,-50.0,50,350.112382
,0.0,50,351.700848
,-50.0,50,353.318284
,-50.0,50,354.924618
,-50.0,50,356.504397
,-50.0,50,358.136887
,-50.0,50,359.753619
,-50.0,50,361.342401
,-50.0,50,362.948282
,-50.0,50,364.528868
,-50.0,50,366.150831
,-50.0,50,367.743742
,-50.0,50,369.379838
,-50.0,50,370.990093
,-50.0,50,372.570428
,-50.0,50,374.175026
,-50.0,50,375.804468
,-50.0,50,377.389868
,-50.0,50,378.996213
,-50.0,50,380.591407
,-50.0,50,382.238729
,-50.0,50,383.821935
,-50.0,50,385.431671
,-50.0,50,387.057946
,-50.0,50,388.620572
,-50.0,50,390.254006
,-50.0,50,391.881702
,-50.0,50,393.479939
,-50.0,50,395.066208
,-50.0,50,396.729234
,-50.0,50,398.299093
,-50.0,50,399.937391
,-50.0,50,401.525308
,-50.0,50,403.116258
,-50.0,50,404.709969
,-50.0,50,406.358085
,-50.0,50,407.932455
,-50.0,50,409.572471
,-50.0,50,411.168612
,-50.0,50,412.78256
,-50.0,50,414.384635
,-50.0,50,415.998367
,0.0,50,417.624528
,-50.0,50,417.887531
,-50.0,50,418.175377
,-50.0,50,418.456958
,-50.0,50,418.731836
,-50.0,50,418.977234
,-50.0,50,419.24398
,-50.0,50,419.510275
,-50.0,50,419.76351
,-50.0,50,420.009586
,-50.0,50,420.377434
,-50.0,50,421.99666
,-50.0,50,423.627286
,-50.0,50,425.253387
,-50.0,50,426.866281
,-50.0,50,428.431996
,-47.0,50,430.082193
,-50.0,50,431.672182
,-50.0,50,433.280868
,-50.0,50,434.899161
,-50.0,50,436.48687
,-50.0,50,438.105303
,-38.0,50,439.710817
,-50.0,50,441.336372
,-50.0,50,442.947473
,-50.0,50,444.529306
,-50.0,50,446.140704
,-50.0,50,447.766463
,-50.0,50,449.394224
,-50.0,50,450.974767
,-50.0,50,452.592637
,-50.0,50,454.205589
,-50.0,50,455.817838
,-50.0,50,457.416951
,-50.0,50,459.035153
,0.0,50,460.638662
,-50.0,50,462.229992
,-50.0,50,463.862565
,-50.0,50,465.498909
,-50.0,50,467.12357
,-50.0,50,468.727713
,-50.0,50,470.310353
,-50.0,50,471.948242
,-50.0,50,473.573004
,-50.0,50,475.170475
,-50.0,50,476.764612
,0.0,50,478.390449
,-49.0,50,479.974324
,-50.0,50,481.611533
,-50.0,50,483.207631
,-50.0,50,484.786126
,-50.0,50,486.400136
,-50.0,50,488.004621
,-50.0,50,489.64668
,-50.0,50,491.243552
,-50.0,50,492.872699
,-8.0,50,494.450704
,-50.0,50,496.078425
,-50.0,50,497.679633
,-50.0,50,499.259639
,-50.0,50,500.90702
,-50.0,50,501.225235
,-50.0,50,501.494904
,-50.0,50,501.740148
,0.0,50,501.99289
,-50.0,50,502.264983
,-50.0,50,502.514485
,-50.0,50,502.763588
,-50.0,50,503.034596
,-50.0,50,503.280182
,-50.0,50,503.675058
,-50.0,50,505.273566
,-50.0,50,506.892736
,-15.0,50,508.508158
,-41.0,50,510.132943
,-50.0,50,511.737373
,-50.0,50,513.320459
,-50.0,50,514.938392
,-47.0,50,516.575151
,-50.0,50,518.152262
,-50.0,50,519.776686
,-50.0,50,521.416075
,-50.0,50,523.000549
,-50.0,50,524.661106
,-50.0,50,526.227034
,-50.0,50,527.867499
,-50.0,50,529.450448
,-50.0,50,531.139596
,0.0,50,532.722362
,-50.0,50,534.345357
,-50.0,50,535.973375
,-50.0,50,537.552064
,-50.0,50,539.173395
,-50.0,50,540.820707
,-50.0,50,542.420938
,-50.0,50,544.024602
,-50.0,50,545.626457
,-50.0,50,547.239654
,-50.0,50,548.853545
,-50.0,50,550.496502
,-50.0,50,552.102252
,-50.0,50,553.679544
,-50.0,50,555.29704
,-50.0,50,556.938597
,-50.0,50,558.555975
,-50.0,50,560.179091
,-50.0,50,561.795832
,-50.0,50,563.403282
,-50.0,50,564.996511
,-50.0,50,566.624064
,-50.0,50,568.232103
,-50.0,50,569.863564
,-50.0,50,571.484814
,-50.0,50,573.07223
,-50.0,50,574.714902
,-50.0,50,576.325017
,-50.0,50,577.929107
,-50.0,50,579.529942
,-30.0,50,581.119711
,-50.0,50,582.746767
,-50.0,50,584.403061
,-50.0,50,584.673981
,-50.0,50,584.952384
,-50.0,50,585.230712
,-50.0,50,585.483762
,-50.0,50,585.744601
,-50.0,50,586.017212
,-50.0,50,586.28995
,-50.0,50,586.574812
,-50.0,50,586.828598
,-50.0,50,587.180352
,-50.0,50,588.806893
,-50.0,50,590.436341
,-50.0,50,592.07352
,-50.0,50,593.716253
,-50.0,50,595.303178
,-50.0,50,596.958196
,-50.0,50,598.531033
,-50.0,50,600.149337
,-50.0,50,601.766909
,-50.0,50,603.407487
,-50.0,50,604.99666
,-50.0,50,606.598543
,-50.0,50,608.231861
,-50.0,50,609.822216
,-50.0,50,611.413123
,-50.0,50,613.062425
,-50.0,50,614.661177
,-50.0,50,616.282911
,-50.0,50,617.868701
,-50.0,50,619.513266
,-50.0,50,621.110048
,-50.0,50,622.711367
,-50.0,50,624.360647
,-50.0,50,625.95675
,0.0,50,627.615186
,-50.0,50,629.238712
,-50.0,50,630.808083
,-50.0,50,632.429574
,-50.0,50,634.054695
,-50.0,50,635.662762
,-50.0,50,637.278188
,-50.0,50,638.89828
,-50.0,50,640.505875
,-50.0,50,642.115284
,-50.0,50,643.763386
,-50.0,50,645.366841
,-50.0,50,646.982205
,-50.0,50,648.578593
,-50.0,50,650.196817
,-50.0,50,651.81439
,-50.0,50,653.448464
,-50.0,50,655.025489
,-50.0,50,656.671346
,-50.0,50,658.265766
,-50.0,50,659.885624
,-50.0,50,661.526899
,-50.0,50,663.128414
,-50.0,50,664.77385
,-50.0,50,666.344824
,-50.0,50,667.980844
,-50.0,50,668.2396
,-48.0,50,668.510286
,-50.0,50,668.773559
,-50.0,50,669.049785
,-49.0,50,669.319979
,-50.0,50,669.597975
,-50.0,50,669.854344
,-50.0,50,670.147257
,-50.0,50,670.404912
,-50.0,50,670.702204
,-50.0,50,672.364926
,-50.0,50,673.99793
,-17.0,50,675.615886
,-50.0,50,677.224933
,-50.0,50,678.838989
,-50.0,50,680.480401
,-41.0,50,682.075635
,-14.0,50,683.688059
,-50.0,50,685.295129
,-50.0,50,686.942252
,-50.0,50,688.563992
,-50.0,50,690.201628
,-50.0,50,691.780669
,-37.0,50,693.41798
,-37.0,50,695.044755
,-50.0,50,696.63216
,-50.0,50,698.258198
,-50.0,50,699.879016
,-50.0,50,701.513595
,-50.0,50,703.129965
,-50.0,50,704.734544
,-50.0,50,706.391425
,-50.0,50,708.027519
,-50.0,50,709.645937
,-50.0,50,711.267419
,-50.0,50,712.895566
,-50.0,50,714.514726
,-14.0,50,716.16282
,-50.0,50,717.772878
,-49.0,50,719.367694
,-50.0,50,720.991147
,-45.0,50,722.622465
,-50.0,50,724.198101
,-50.0,50,725.828259
,-45.0,50,727.414812
,-50.0,50,729.04058
,-50.0,50,730.657029
,-13.0,50,732.304029
,-50.0,50,733.866972
,-50.0,50,735.541171
,-50.0,50,737.152639
,0.0,50,738.749599
,-50.0,50,740.34304
,-50.0,50,742.003231
,-50.0,50,743.573179
,-50.0,50,745.244695
,-13.0,50,746.867629
,-50.0,50,748.493976
,-15.0,50,750.100991
,-50.0,50,751.718218
,-50.0,50,751.991379
,-20.0,50,752.297949
,-50.0,50,752.569881
,-50.0,50,752.831075
,-14.0,50,753.121001
,-50.0,50,753.403403
,-50.0,50,753.671267
,-50.0,50,753.944143
,-50.0,50,754.193383
,-49.0,50,754.556717
,-50.0,50,756.163691
,-50.0,50,757.807602
,-50.0,50,759.404938
,-29.0,50,761.015669
,-48.0,50,762.614166
,-50.0,50,764.250993
,-50.0,50,765.826348
,-50.0,50,767.470431
,-50.0,50,769.069021
,-50.0,50,770.674042
,-50.0,50,772.318452
,-50.0,50,773.930134
,-50.0,50,775.568934
,-50.0,50,777.157921
,-50.0,50,778.822956
,-50.0,50,780.416987
,0.0,50,782.024425
,-50.0,50,783.658219
,-50.0,50,785.273331
,-50.0,50,786.88095
,-50.0,50,788.489128
,-50.0,50,790.127188
,-50.0,50,791.742616
,-50.0,50,793.361994
,-26.0,50,794.979958
,-50.0,50,796.607796
,-50.0,50,798.17904
,-50.0,50,799.822522
,-50.0,50,801.452036
,-50.0,50,803.046208
,-50.0,50,804.662421
,-50.0,50,806.25
,-50.0,50,807.899987
,-50.0,50,809.486904
,-50.0,50,811.128203
,-50.0,50,812.755278
,-50.0,50,814.357134
,-50.0,50,815.960289
,-50.0,50,817.571546
,-50.0,50,819.175431
,0.0,50,820.82287
,-50.0,50,822.428103
,-50.0,50,824.049979
,-44.0,50,825.632549
,-16.0,50,827.272744
,-50.0,50,828.903579
,-50.0,50,830.483622
,-50.0,50,832.110833
,-20.0,50,833.738854
,-10.0,50,835.395344
,-50.0,50,835.653567
,-50.0,50,835.934184
,-50.0,50,836.189493
,-50.0,50,836.440536
,-50.0,50,836.716937
,-50.0,50,836.978538
,-50.0,50,837.228454
,-50.0,50,837.478638
,-50.0,50,837.752602
,-50.0,50,838.199893
,-50.0,50,839.823485
,-50.0,50,841.405122
,-50.0,50,843.033567
,-50.0,50,844.650692
,-50.0,50,846.260688
,-50.0,50,847.878081
,-50.0,50,849.503234
,-50.0,50,851.118025
,-48.0,50,852.735174
,-50.0,50,854.360945
,-50.0,50,855.958817
,-9.0,50,857.550507
,-50.0,50,859.188688
,-50.0,50,860.789271
,-50.0,50,862.392979
,-50.0,50,863.99763
,-50.0,50,865.636433
,-10.0,50,867.239251
,-50.0,50,868.879905
,-50.0,50,870.525017
,-50.0,50,872.104423
,-18.0,50,873.76731
,-50.0,50,875.326059
,-50.0,50,876.967109
,-50.0,50,878.543967
,-23.0,50,880.206937
,-8.0,50,881.846208
,-50.0,50,883.511012
,0.0,50,885.102506
,-24.0,50,886.740609
,-23.0,50,888.373528
,-50.0,50,889.954348
,-44.0,50,891.617594
,-45.0,50,893.225184
,-50.0,50,894.847297
,-50.0,50,896.452117
,-50.0,50,898.080576
,-30.0,50,899.703965
,-50.0,50,901.297225
,-50.0,50,902.90743
,-50.0,50,904.551975
,-50.0,50,906.156807
,-50.0,50,907.803266
,-50.0,50,909.398814
,0.0,50,911.035198
,-15.0,50,912.697541
,-50.0,50,914.277166
,-50.0,50,915.930312
,-50.0,50,917.512326
,-50.0,50,919.149758
,-50.0,50,919.402497
,-50.0,50,919.689856
,-50.0,50,919.967061
,-50.0,50,920.228553
,-50.0,50,920.480766
,-50.0,50,920.72834
,-50.0,50,920.984568
,-50.0,50,921.2405
,-50.0,50,921.518848
,0.0,50,921.886841
,-50.0,50,923.545306
,-42.0,50,925.155318
,-49.0,50,926.754205
,-17.0,50,928.347955
,-29.0,50,929.976671
,-50.0,50,931.63839
,-50.0,50,933.213806
,-50.0,50,934.822344
,-50.0,50,936.455383
,-50.0,50,938.05937
,-50.0,50,939.691067
,-50.0,50,941.307818
,-50.0,50,942.90485
,-50.0,50,944.508713
,-50.0,50,946.124914
,-50.0,50,947.758855
,-50.0,50,949.363844
,-19.0,50,950.998714
,-50.0,50,952.5689
,-50.0,50,954.183562
,-47.0,50,955.849818
,-50.0,50,957.467164
,-50.0,50,959.081685
,-41.0,50,960.720143
,-50.0,50,962.332238
,-50.0,50,963.935093
,-49.0,50,965.540246
,-50.0,50,967.159641
,-30.0,50,968.782223
,0.0,50,970.392924
,-50.0,50,972.05544
,-50.0,50,973.619017
,-50.0,50,975.241801
,0.0,50,976.867424
,-50.0,50,978.453683
,-50.0,50,980.115604
,0.0,50,981.708451
,-50.0,50,983.305665
,-50.0,50,984.929117
,-50.0,50,986.609066
,0.0,50,988.272747
,-50.0,50,989.867936
,-49.0,50,991.501412
,-50.0,50,993.092134
,-50.0,50,994.726463
,-50.0,50,996.298293
,-50.0,50,997.938889
,-50.0,50,999.564634
,-50.0,50,1001.171345
,-14.0,50,1002.844354
,-9.0,50,1003.113343
,-25.0,50,1003.391514
,-11.0,50,1003.659722
,-50.0,50,1003.920277
,0.0,50,1004.19637
,-46.0,50,1004.463454
,-50.0,50,1004.741993
,-24.0,50,1005.026342
,-50.0,50,1005.287147
,-50.0,50,1005.523997
,-50.0,50,1007.152469
,-50.0,50,1008.758659
,-50.0,50,1010.39597
,-50.0,50,1012.005613
,-49.0,50,1013.628415
,-50.0,50,1015.251211
,0.0,50,1016.882231
,-38.0,50,1018.506581
,-29.0,50,1020.136925
,-50.0,50,1021.744612
,-50.0,50,1023.337794
,-31.0,50,1024.947902
,-34.0,50,1026.568233
,-14.0,50,1028.195672
,-9.0,50,1029.809
,-50.0,50,1031.401496
,-25.0,50,1033.006215
,-50.0,50,1034.651106
,-50.0,50,1036.253255
,-49.0,50,1037.898602
,-50.0,50,1039.474191
,0.0,50,1041.094779
,-49.0,50,1042.740923
,-23.0,50,1044.331418
,-23.0,50,1045.922057
,-50.0,50,1047.555162
,-50.0,50,1049.193914
,-50.0,50,1050.788688
,-38.0,50,1052.381811
,-9.0,50,1054.024879
,-50.0,50,1055.635318
,-50.0,50,1057.257527
,-50.0,50,1058.860632
,-50.0,50,1060.484144
,-50.0,50,1062.101717
,-50.0,50,1063.681747
,-15.0,50,1065.325541
,-29.0,50,1066.963558
,-50.0,50,1068.607762
,-50.0,50,1070.184101
,-42.0,50,1071.798211
,-50.0,50,1073.402024
,-50.0,50,1075.019578
,-27.0,50,1076.655251
,-50.0,50,1078.249196
,-50.0,50,1079.853221
,-50.0,50,1081.450572
,-50.0,50,1083.064938
,-50.0,50,1084.706344
,-50.0,50,1086.310912
,-50.0,50,1086.578037
,-50.0,50,1086.851842
,-50.0,50,1087.143954
,-13.0,50,1087.444993
,-50.0,50,1087.702036
,-9.0,50,1087.968894
,-50.0,50,1088.233838
,-8.0,50,1088.487918
,-50.0,50,1088.747448
,-50.0,50,1089.123847
,-9.0,50,1090.716552
,-50.0,50,1092.309246
,-26.0,50,1093.966077
,-50.0,50,1095.566861
,-50.0,50,1097.18265
,-50.0,50,1098.807379
,-48.0,50,1100.416315
,-50.0,50,1102.038966
,-50.0,50,1103.639137
,-50.0,50,1105.283954
,-18.0,50,1106.896873
,-38.0,50,1108.509576
,-50.0,50,1110.167461
,-44.0,50,1111.775549
,-50.0,50,1113.38728
,-50.0,50,1114.959911
,-44.0,50,1116.576459
,-50.0,50,1118.259729
,-19.0,50,1119.86821
,-32.0,50,1121.442889
,-6.0,50,1123.052521
,-50.0,50,1124.706766
,-29.0,50,1126.300078
,-35.0,50,1127.916937
,-38.0,50,1129.526073
,-16.0,50,1131.136763
,-50.0,50,1132.72581
,-42.0,50,1134.371056
,-50.0,50,1136.000907
,-37.0,50,1137.624674
,-43.0,50,1139.215074
,-47.0,50,1140.833419
,-8.0,50,1142.415999
,-50.0,50,1144.061043
,-39.0,50,1145.663297
,-50.0,50,1147.289134
,-34.0,50,1148.888099
,-14.0,50,1150.543145
,-50.0,50,1152.145419
,-47.0,50,1153.744062
,-50.0,50,1155.355187
,-27.0,50,1156.946508
,-50.0,50,1158.557041
,-19.0,50,1160.177181
,-50.0,50,1161.790974
,-50.0,50,1163.404014
,-23.0,50,1165.027166
,-50.0,50,1166.679648
,-50.0,50,1168.276504
,-15.0,50,1169.904812
,-50.0,50,1170.185002
,-12.0,50,1170.479336
,-7.0,50,1170.73877
,-20.0,50,1171.048138
,-13.0,50,1171.343818
,-50.0,50,1171.621081
,0.0,50,1171.870929
,-18.0,50,1172.152414
,-16.0,50,1172.406485
,0.0,50,1172.692227
,-23.0,50,1174.348473
,-50.0,50,1175.934743
,-9.0,50,1177.558446
,-50.0,50,1179.183878
,-9.0,50,1180.814849
,-50.0,50,1182.413567
,-49.0,50,1184.07358
,-15.0,50,1185.6742
,-50.0,50,1187.322829
,-16.0,50,1188.925532
,-50.0,50,1190.538955
,-27.0,50,1192.194168
,-50.0,50,1193.803225
,-50.0,50,1195.414284
,-50.0,50,1197.046365
,-50.0,50,1198.635963
,-50.0,50,1200.223214
,-50.0,50,1201.879943
,-49.0,50,1203.524918
,-50.0,50,1205.120534
,0.0,50,1206.730855
,-50.0,50,1208.360417
,-13.0,50,1209.977137
,-15.0,50,1211.61566
,-48.0,50,1213.230414
,-50.0,50,1214.842346
,-50.0,50,1216.425719
,-46.0,50,1218.098469
,-50.0,50,1219.663572
,-28.0,50,1221.302366
,-50.0,50,1222.923005
,-19.0,50,1224.534003
,-50.0,50,1226.200611
,-50.0,50,1227.795757
,-17.0,50,1229.415633
,-50.0,50,1231.004045
,-12.0,50,1232.632244
,-23.0,50,1234.2693
,-34.0,50,1235.898947
,-18.0,50,1237.460441
,-42.0,50,1239.124207
,-50.0,50,1240.705239
,-50.0,50,1242.297239
,-50.0,50,1243.944187
,-50.0,50,1245.523403
,-50.0,50,1247.17791
,-27.0,50,1248.810853
,-27.0,50,1250.412298
,-50.0,50,1252.010008
,-50.0,50,1253.67071
,-50.0,50,1253.939142
,-14.0,50,1254.20633
,-49.0,50,1254.485488
,-50.0,50,1254.738431
,-50.0,50,1255.036827
,-48.0,50,1255.310811
,-14.0,50,1255.568949
,-13.0,50,1255.82021
,-13.0,50,1256.086474
,-50.0,50,1256.469653
,-50.0,50,1258.121532
,-28.0,50,1259.735881
,-24.0,50,1261.347346
,-22.0,50,1262.943847
,-45.0,50,1264.561935
,-31.0,50,1266.178983
,-50.0,50,1267.776937
,0.0,50,1269.414631
,-50.0,50,1271.037028
,-50.0,50,1272.6529
,0.0,50,1274.243106
,-34.0,50,1275.866103
,-33.0,50,1277.482455
,-25.0,50,1279.112329
,-50.0,50,1280.707723
,-36.0,50,1282.341713
,-50.0,50,1283.930845
,-47.0,50,1285.559615
,-50.0,50,1287.183422
,-26.0,50,1288.772618
,-23.0,50,1290.377008
,-50.0,50,1291.987995
,-50.0,50,1293.589653
,-11.0,50,1295.221586
,-22.0,50,1296.816713
,-36.0,50,1298.444652
,-50.0,50,1300.045001
,-21.0,50,1301.680436
,-18.0,50,1303.273809
,-50.0,50,1304.907904
,-23.0,50,1306.531924
,-15.0,50,1308.113975
,-50.0,50,1309.752285
,-50.0,50,1311.348803
,-50.0,50,1312.951469
,-13.0,50,1314.610255
,-50.0,50,1316.222407
,-18.0,50,1317.886667
,-50.0,50,1319.467588
,-50.0,50,1321.090388
,-50.0,50,1322.69251
,-50.0,50,1324.296288
,-24.0,50,1325.935106
,-17.0,50,1327.581132
,-49.0,50,1329.155165
,-50.0,50,1330.758788
,-50.0,50,1332.397131
,-24.0,50,1334.055414
,-50.0,50,1335.670949
,-50.0,50,1337.285172
,-50.0,50,1337.531261
,-50.0,50,1337.782718
,-12.0,50,1338.053729
,-39.0,50,1338.327863
,-50.0,50,1338.605989
,-50.0,50,1338.896957
,-50.0,50,1339.185359
,-50.0,50,1339.439257
,-50.0,50,1339.701658
,-21.0,50,1340.072466
,-50.0,50,1341.682734
,-19.0,50,1343.323801
,-50.0,50,1344.9442
,-24.0,50,1346.560274
,-50.0,50,1348.158934
,-50.0,50,1349.749721
,-13.0,50,1351.390691
,-50.0,50,1353.016899
,-6.0,50,1354.617033
,-48.0,50,1356.234994
,-50.0,50,1357.836731
,-50.0,50,1359.490661
,-50.0,50,1361.102244
,-18.0,50,1362.710421
,-14.0,50,1364.291587
,-29.0,50,1365.937791
,-50.0,50,1367.536348
,-48.0,50,1369.157461
,-41.0,50,1370.801103
,-50.0,50,1372.373897
,-30.0,50,1374.009929
,-49.0,50,1375.608471
,-50.0,50,1377.225113
,-50.0,50,1378.842081
,-50.0,50,1380.483419
,-25.0,50,1382.075893
,-50.0,50,1383.67217
,-50.0,50,1385.35086
,-50.0,50,1386.979954
,-50.0,50,1388.623539
,-47.0,50,1390.238588
,-11.0,50,1391.847037
,0.0,50,1393.47288
,-50.0,50,1395.088961
,0.0,50,1396.688288
,-24.0,50,1398.382601
,-50.0,50,1399.98664
,-7.0,50,1401.603974
,-50.0,50,1403.206653
,-50.0,50,1404.839041
,-50.0,50,1406.471753
,-17.0,50,1408.091815
,-50.0,50,1409.69104
,-50.0,50,1411.333391
,-9.0,50,1412.940321
,-9.0,50,1414.591279
,-48.0,50,1416.197776
,-38.0,50,1417.806289
,-44.0,50,1419.413759
,-8.0,50,1421.057273
,-9.0,50,1421.333478
,-13.0,50,1421.607223
,-11.0,50,1421.875156
,-6.0,50,1422.146848
,-8.0,50,1422.412673
,-50.0,50,1422.669768
,-50.0,50,1422.952897
,-7.0,50,1423.233706
,-12.0,50,1423.523569
,-13.0,50,1423.84795
,-28.0,50,1425.488146
,-50.0,50,1427.098434
,-50.0,50,1428.725879
,-50.0,50,1430.328389
,-46.0,50,1431.975353
,-15.0,50,1433.556661
,-15.0,50,1435.197883
,-18.0,50,1436.821033
,-44.0,50,1438.443258
,-50.0,50,1440.023875
,-50.0,50,1441.663369
,-50.0,50,1443.307334
,-50.0,50,1444.922737
,-9.0,50,1446.520592
,-50.0,50,1448.136436
,-23.0,50,1449.737233
,-50.0,50,1451.392753
,-21.0,50,1452.987747
,-31.0,50,1454.598478
,-50.0,50,1456.209889
,-13.0,50,1457.837603
,-24.0,50,1459.477407
,-50.0,50,1461.093371
,-45.0,50,1462.747257
,-10.0,50,1464.318191
,-9.0,50,1465.953859
,-20.0,50,1467.568822
,-35.0,50,1469.211683
,-9.0,50,1470.824311
,-18.0,50,1472.453776
,-50.0,50,1474.071712
,-50.0,50,1475.679112
,-7.0,50,1477.286564
,-50.0,50,1478.947263
,-24.0,50,1480.584838
,-35.0,50,1482.206634
,-50.0,50,1483.852034
,-50.0,50,1485.431875
,-50.0,50,1487.060661
,-31.0,50,1488.700966
,-50.0,50,1490.313327
,0.0,50,1491.922962
,-12.0,50,1493.568626
,-50.0,50,1495.169617
,-15.0,50,1496.80779
,-41.0,50,1498.472284
,-50.0,50,1500.090955
,-7.0,50,1501.715396
,-26.0,50,1503.323898
,-9.0,50,1504.931556
,-50.0,50,1505.196709
,-12.0,50,1505.454519
,-11.0,50,1505.734797
,-42.0,50,1506.009886
,-12.0,50,1506.270938
,-50.0,50,1506.569627
,-9.0,50,1506.857483
,-11.0,50,1507.120632
,-8.0,50,1507.392863
,-6.0,50,1507.766919
,-14.0,50,1509.409844
,-21.0,50,1511.004462
,-43.0,50,1512.621497
,-50.0,50,1514.227886
,-50.0,50,1515.902773
,-11.0,50,1517.484738
,-50.0,50,1519.139603
,-27.0,50,1520.760575
,-47.0,50,1522.3516
,-45.0,50,1524.001711
,-50.0,50,1525.621801
,-50.0,50,1527.262749
,-39.0,50,1528.855604
,-35.0,50,1530.480958
,-12.0,50,1532.089147
,-50.0,50,1533.765808
,-40.0,50,1535.343275
,-34.0,50,1536.993865
,-50.0,50,1538.6114
,-11.0,50,1540.252174
,-50.0,50,1541.857063
,-45.0,50,1543.487891
,-46.0,50,1545.116826
,-26.0,50,1546.725366
,-50.0,50,1548.313672
,-16.0,50,1549.944214
,-20.0,50,1551.564328
,-15.0,50,1553.226343
,-43.0,50,1554.848833
,-19.0,50,1556.472083
,-50.0,50,1558.110695
,-29.0,50,1559.714911
,-35.0,50,1561.343948
,-42.0,50,1562.953776
,-50.0,50,1564.573149
,-11.0,50,1566.183405
,-23.0,50,1567.829653
,-22.0,50,1569.469213
,-50.0,50,1571.095585
,-24.0,50,1572.742631
,-43.0,50,1574.335966
,-26.0,50,1575.975859
,-25.0,50,1577.585972
,-50.0,50,1579.262383
,-21.0,50,1580.879526
,-23.0,50,1582.484828
,-17.0,50,1584.123299
,-50.0,50,1585.754682
,-39.0,50,1587.360691
,-46.0,50,1589.036541
,-50.0,50,1589.305749
,-50.0,50,1589.596901
,-12.0,50,1589.84743
,-50.0,50,1590.139095
,-13.0,50,1590.434773
,-29.0,50,1590.710199
,-9.0,50,1590.987887
,-6.0,50,1591.276433
,-11.0,50,1591.550542
,-6.0,50,1591.852321
,-50.0,50,1593.515952
,-50.0,50,1595.14813
,-50.0,50,1596.78534
,-28.0,50,1598.380745
,-23.0,50,1599.989915
,-34.0,50,1601.618822
,-50.0,50,1603.213278
,-40.0,50,1604.887185
,-50.0,50,1606.507056
,-8.0,50,1608.092543
,-12.0,50,1609.70718
,-50.0,50,1611.332299
,0.0,50,1612.935958
,-48.0,50,1614.601933
,-19.0,50,1616.215231
,-28.0,50,1617.867111
,0.0,50,1619.473028
,-30.0,50,1621.126214
,-45.0,50,1622.722076
,-49.0,50,1624.349908
,-49.0,50,1625.971596
,-39.0,50,1627.581704
,-23.0,50,1629.217946
,-8.0,50,1630.844459
,-45.0,50,1632.44319
,-50.0,50,1634.076496
,-29.0,50,1635.705742
,-50.0,50,1637.321996
,-36.0,50,1638.965062
,0.0,50,1640.585828
,-24.0,50,1642.207338
,-50.0,50,1643.812598
,-18.0,50,1645.437384
,-13.0,50,1647.062989
,-39.0,50,1648.709582
,-21.0,50,1650.309589
,-26.0,50,1651.916071
,-19.0,50,1653.526211
,-10.0,50,1655.172614
,-50.0,50,1656.777097
,-50.0,50,1658.414325
,-50.0,50,1660.019956
,-5.0,50,1661.661125
,-9.0,50,1663.266329
,-15.0,50,1664.886096
,-50.0,50,1666.490483
,-20.0,50,1668.139317
,-50.0,50,1669.744166
,-50.0,50,1671.386092
,0.0,50,1673.006257
,-3.0,50,1673.278148
,-7.0,50,1673.548118
,-13.0,50,1673.816368
,-43.0,50,1674.132983
,-12.0,50,1674.40128
,-45.0,50,1674.698779
,-8.0,50,1674.973185
,-6.0,50,1675.280114
,-11.0,50,1675.529151
,-21.0,50,1675.958914
,-20.0,50,1677.621249
,-49.0,50,1679.243329
,-50.0,50,1680.837675
,0.0,50,1682.452276
,-9.0,50,1684.070359
,-43.0,50,1685.731071
,-50.0,50,1687.339063
,-46.0,50,1688.938877
,-16.0,50,1690.578786
,-21.0,50,1692.206692
,-48.0,50,1693.850767
,-22.0,50,1695.484131
,-50.0,50,1697.114079
,-43.0,50,1698.725595
,-25.0,50,1700.351944
,0.0,50,1701.969141
,-50.0,50,1703.599014
,-50.0,50,1705.203675
,-23.0,50,1706.81263
,0.0,50,1708.437422
,-48.0,50,1710.042918
,-26.0,50,1711.660552
,-50.0,50,1713.278772
,-50.0,50,1714.948044
,-15.0,50,1716.55885
,-22.0,50,1718.144155
,-15.0,50,1719.812752
,-14.0,50,1721.421959
,-22.0,50,1723.031762
,-18.0,50,1724.659046
,-12.0,50,1726.315169
,-50.0,50,1727.956783
,-42.0,50,1729.605199
,-14.0,50,1731.192615
,-16.0,50,1732.816373
,-44.0,50,1734.443451
,-41.0,50,1736.063514
,-50.0,50,1737.670871
,-12.0,50,1739.327358
,-48.0,50,1740.896043
,-49.0,50,1742.540886
,-50.0,50,1744.165271
,-17.0,50,1745.806255
,-50.0,50,1747.433179
,-37.0,50,1749.014447
,0.0,50,1750.655051
,-50.0,50,1752.258558
,-50.0,50,1753.881196
,-50.0,50,1755.507049
,-50.0,50,1757.138458
,-43.0,50,1757.420504
,-10.0,50,1757.669604
,-12.0,50,1757.967002
,-9.0,50,1758.286983
,-7.0,50,1758.60029
,-46.0,50,1758.910962
,-12.0,50,1759.188345
,-18.0,50,1759.471313
,-8.0,50,1759.76509
,-50.0,50,1760.090676
,-10.0,50,1761.743344
,-49.0,50,1763.409292
,-50.0,50,1765.003453
,-31.0,50,1766.657024
,-50.0,50,1768.239435
,-42.0,50,1769.909701
,-27.0,50,1771.503904
,-50.0,50,1773.141908
,-6.0,50,1774.775392
,-50.0,50,1776.369018
,-10.0,50,1778.001044
,-47.0,50,1779.60954
,-23.0,50,1781.214563
,-50.0,50,1782.852643
,-50.0,50,1784.490566
,0.0,50,1786.098281
,-50.0,50,1787.748746
,-40.0,50,1789.396307
,-41.0,50,1791.005406
,-14.0,50,1792.626343
,-45.0,50,1794.242556
,-26.0,50,1795.876534
,-20.0,50,1797.513304
,-12.0,50,1799.112524
,-44.0,50,1800.735402
,-12.0,50,1802.360254
,-36.0,50,1803.966996
,-50.0,50,1805.613972
,-26.0,50,1807.209959
,-50.0,50,1808.864364
,-41.0,50,1810.490604
,-16.0,50,1812.110692
,-49.0,50,1813.73312
,0.0,50,1815.330401
,-16.0,50,1816.932862
,-21.0,50,1818.571314
,-50.0,50,1820.182045
,-30.0,50,1821.814559
,-50.0,50,1823.476427
,-7.0,50,1825.048546
,-25.0,50,1826.709482
,-50.0,50,1828.303684
,-10.0,50,1829.946558
,-29.0,50,1831.553596
,-50.0,50,1833.163092
,-21.0,50,1834.780915
,-14.0,50,1836.406986
,-32.0,50,1838.004269
,0.0,50,1839.635419
,-7.0,50,1841.289453
,-8.0,50,1841.572415
,-50.0,50,1841.844733
,-50.0,50,1842.139324
,-7.0,50,1842.404502
,-7.0,50,1842.669665
,-12.0,50,1842.956357
,-50.0,50,1843.247436
,0.0,50,1843.513696
,-43.0,50,1843.80569
,-50.0,50,1844.204077
,-11.0,50,1845.814431
,-22.0,50,1847.441683
,-15.0,50,1849.0397
,-26.0,50,1850.654283
,-50.0,50,1852.32214
,-50.0,50,1853.943898
,-50.0,50,1855.568243
,-27.0,50,1857.175386
,-50.0,50,1858.781616
,-24.0,50,1860.407046
,-19.0,50,1862.067007
,-10.0,50,1863.688288
,-50.0,50,1865.281641
,-16.0,50,1866.931281
,-50.0,50,1868.557207
,-20.0,50,1870.189899
,-8.0,50,1871.783552
,-41.0,50,1873.408096
,-9.0,50,1875.057647
,-50.0,50,1876.650542
,-26.0,50,1878.244226
,-47.0,50,1879.880133
,-44.0,50,1881.486076
,-20.0,50,1883.117944
,-46.0,50,1884.751634
,-6.0,50,1886.338694
,-45.0,50,1887.988144
,-50.0,50,1889.593787
,-20.0,50,1891.220104
,-50.0,50,1892.854052
,-12.0,50,1894.476061
,-50.0,50,1896.115619
,-13.0,50,1897.745813
,-13.0,50,1899.34479
,-47.0,50,1900.976964
,-29.0,50,1902.609794
,-18.0,50,1904.20015
,-31.0,50,1905.859025
,-22.0,50,1907.523978
,-47.0,50,1909.136276
,-31.0,50,1910.745798
,-40.0,50,1912.358192
,-9.0,50,1913.973198
,-7.0,50,1915.584102
,-50.0,50,1917.228436
,-24.0,50,1918.869732
,-13.0,50,1920.491575
,-50.0,50,1922.129364
,-50.0,50,1923.712003
,-7.0,50,1925.373498
,-50.0,50,1925.611976
,-10.0,50,1925.919121
,-50.0,50,1926.184525
,-8.0,50,1926.486321
,-12.0,50,1926.814227
,-47.0,50,1927.091253
,-7.0,50,1927.402114
,-5.0,50,1927.666914
,-13.0,50,1927.951092
,-50.0,50,1928.325664
,-9.0,50,1929.949374
,-50.0,50,1931.57777
,-47.0,50,1933.212659
,-50.0,50,1934.867121
,-20.0,50,1936.506363
,-50.0,50,1938.104135
,-37.0,50,1939.732261
,-8.0,50,1941.355688
,-17.0,50,1943.041955
,-35.0,50,1944.650245
,-12.0,50,1946.243134
,-23.0,50,1947.904545
,-50.0,50,1949.523288
,-50.0,50,1951.121811
,-12.0,50,1952.759413
,-49.0,50,1954.336928
,-22.0,50,1955.93843
,-45.0,50,1957.603008
,-14.0,50,1959.208978
,-36.0,50,1960.826514
,-12.0,50,1962.433372
,-24.0,50,1964.111017
,-50.0,50,1965.699174
,-16.0,50,1967.344764
,-50.0,50,1968.953191
,-18.0,50,1970.580682
,-50.0,50,1972.211416
,-10.0,50,1973.854588
,-11.0,50,1975.489833
,-6.0,50,1977.099433
,-12.0,50,1978.758558
,-50.0,50,1980.353992
,-45.0,50,1981.984578
,-14.0,50,1983.580387
,-40.0,50,1985.243581
,-50.0,50,1986.898015
,-50.0,50,1988.490178
,-15.0,50,1990.098135
,-36.0,50,1991.744069
,-43.0,50,1993.350962
,-14.0,50,1994.994432
,-9.0,50,1996.551643
,-24.0,50,1998.203249
,-25.0,50,1999.8316
,-37.0,50,2001.438721
,-50.0,50,2003.039832
,-18.0,50,2004.652537
,-20.0,50,2006.297781
,-42.0,50,2007.94662
,-8.0,50,2009.569601
,-7.0,50,2009.835115
,-7.0,50,2010.103378
,-50.0,50,2010.361688
,-7.0,50,2010.637095
,-10.0,50,2010.892206
,-15.0,50,2011.175455
,-15.0,50,2011.435734
,-7.0,50,2011.717366
,-6.0,50,2012.013989
,-49.0,50,2012.47641
,-50.0,50,2014.088638
,-38.0,50,2015.665527
,-27.0,50,2017.300087
,-7.0,50,2018.926511
,-34.0,50,2020.581289
,-27.0,50,2022.153864
,-50.0,50,2023.760767
,0.0,50,2025.4324
,-23.0,50,2027.025661
,-21.0,50,2028.642171
,-50.0,50,2030.257184
,-26.0,50,2031.914551
,-24.0,50,2033.556608
,-15.0,50,2035.18398
,-44.0,50,2036.785578
,-10.0,50,2038.387122
,-22.0,50,2040.010038
,-15.0,50,2041.674081
,-38.0,50,2043.291754
,-23.0,50,2044.887262
,-19.0,50,2046.503004
,-32.0,50,2048.125609
,-14.0,50,2049.760486
,-11.0,50,2051.409374
,-25.0,50,2053.01438
,0.0,50,2054.609479
,-15.0,50,2056.245406
,-50.0,50,2057.878434
,-16.0,50,2059.475188
,-20.0,50,2061.104054
,-17.0,50,2062.769713
,-50.0,50,2064.334493
,-50.0,50,2065.97206
,-15.0,50,2067.627846
,-16.0,50,2069.204162
,-11.0,50,2070.847681
,-22.0,50,2072.476804
,-44.0,50,2074.101988
,0.0,50,2075.694356
,-23.0,50,2077.351134
,-32.0,50,2078.963332
,-50.0,50,2080.586137
,-42.0,50,2082.221294
,-50.0,50,2083.851458
,-15.0,50,2085.487004
,-21.0,50,2087.109321
,-10.0,50,2088.699028
,-44.0,50,2090.327607
,-37.0,50,2091.948751
,-5.0,50,2093.620205
,-11.0,50,2093.904035
,-9.0,50,2094.218292
,-10.0,50,2094.519719
,-6.0,50,2094.803438
,-9.0,50,2095.089329
,-50.0,50,2095.343536
,-8.0,50,2095.61871
,-5.0,50,2095.92105
,-15.0,50,2096.182281
,-50.0,50,2096.544344
,-28.0,50,2098.15044
,-19.0,50,2099.822577
,-34.0,50,2101.423198
,-48.0,50,2103.033398
,-33.0,50,2104.663637
,-50.0,50,2106.262859
,-50.0,50,2107.864103
,-19.0,50,2109.525307
,-18.0,50,2111.147442
,-21.0,50,2112.753086
,-15.0,50,2114.400241
,-40.0,50,2116.023946
,-28.0,50,2117.649923
,-49.0,50,2119.270491
,-30.0,50,2120.867004
,-25.0,50,2122.527597
,-19.0,50,2124.152746
,-27.0,50,2125.763071
,-39.0,50,2127.385704
,-50.0,50,2129.023956
,-9.0,50,2130.63657
,-11.0,50,2132.248453
,-21.0,50,2133.906654
,-37.0,50,2135.51728
,-50.0,50,2137.176307
,-48.0,50,2138.763187
,-46.0,50,2140.390474
,-20.0,50,2142.016026
,-16.0,50,2143.63256
,-47.0,50,2145.24499
,-23.0,50,2146.877218
,-41.0,50,2148.486426
,-27.0,50,2150.11201
,-6.0,50,2151.717486
,-35.0,50,2153.375833
,-46.0,50,2154.979197
,-16.0,50,2156.591255
,-50.0,50,2158.252948
,-17.0,50,2159.823469
,-32.0,50,2161.460452
,0.0,50,2163.073611
,-18.0,50,2164.731187
,-26.0,50,2166.378577
,-35.0,50,2168.000907
,-18.0,50,2169.640028
,-34.0,50,2171.232493
,-22.0,50,2172.868553
,-47.0,50,2174.499375
,-26.0,50,2176.108943
,-6.0,50,2177.785702
,-10.0,50,2178.078342
,-7.0,50,2178.384233
,-7.0,50,2178.642777
,-8.0,50,2178.92906
,-42.0,50,2179.224462
,-8.0,50,2179.518941
,-6.0,50,2179.841307
,-4.0,50,2180.140162
,-9.0,50,2180.428127
,-10.0,50,2180.721631
,-8.0,50,2182.345271
,-50.0,50,2184.00046
,-31.0,50,2185.642008
,-50.0,50,2187.232289
,-22.0,50,2188.842005
,-40.0,50,2190.513017
,-24.0,50,2192.171278
,-40.0,50,2193.769014
,-36.0,50,2195.386001
,-47.0,50,2196.971817
,-10.0,50,2198.615696
,-16.0,50,2200.270334
,-19.0,50,2201.875707
,-35.0,50,2203.530597
,-15.0,50,2205.144232
,-18.0,50,2206.761281
,-26.0,50,2208.369086
,-20.0,50,2210.035295
,-6.0,50,2211.627845
,-50.0,50,2213.247665
,-50.0,50,2214.866199
,-28.0,50,2216.492169
,-23.0,50,2218.116717
,-50.0,50,2219.774467
,-33.0,50,2221.376759
,-16.0,50,2222.9918
,-28.0,50,2224.620847
,-21.0,50,2226.252604
,-24.0,50,2227.885288
,-13.0,50,2229.507445
,-49.0,50,2231.110835
,-11.0,50,2232.791892
,-7.0,50,2234.367715
,-17.0,50,2235.992699
,-13.0,50,2237.624998
,-15.0,50,2239.295025
,-36.0,50,2240.904868
,-25.0,50,2242.538805
,-11.0,50,2244.156336
,-32.0,50,2245.792539
,-50.0,50,2247.400566
,-41.0,50,2249.035198
,-13.0,50,2250.630664
,-50.0,50,2252.268878
,-21.0,50,2253.866951
,-31.0,50,2255.505537
,-26.0,50,2257.114182
,-12.0,50,2258.75807
,-50.0,50,2260.338833
,-12.0,50,2262.05721
,-11.0,50,2262.31496
,-8.0,50,2262.61143
,-9.0,50,2262.933521
,-8.0,50,2263.258878
,-4.0,50,2263.553251
,-6.0,50,2263.840589
,-2.0,50,2264.097607
,-10.0,50,2264.375628
,-7.0,50,2264.681815
,-39.0,50,2264.983118
,-50.0,50,2266.593076
,-50.0,50,2268.240487
,-19.0,50,2269.823993
,-5.0,50,2271.493836
,0.0,50,2273.066508
,-30.0,50,2274.698126
,-42.0,50,2276.344058
,-19.0,50,2277.953665
,-9.0,50,2279.584692
,-16.0,50,2281.231254
,-50.0,50,2282.859417
,-40.0,50,2284.481272
,-41.0,50,2286.087728
,-38.0,50,2287.759632
,-6.0,50,2289.360702
,-9.0,50,2290.979273
,-18.0,50,2292.573287
,-50.0,50,2294.247395
,-47.0,50,2295.837481
,-12.0,50,2297.487104
,-5.0,50,2299.073576
,-50.0,50,2300.732931
,-32.0,50,2302.35955
,-30.0,50,2304.00186
,-26.0,50,2305.630139
,-45.0,50,2307.257393
,-50.0,50,2308.848958
,-31.0,50,2310.466012
,-11.0,50,2312.085391
,-29.0,50,2313.736689
,-36.0,50,2315.371997
,-50.0,50,2317.017858
,-43.0,50,2318.643067
,-16.0,50,2320.247061
,-45.0,50,2321.881902
,-50.0,50,2323.487496
,-39.0,50,2325.121352
,-33.0,50,2326.771793
,-25.0,50,2328.38948
,-43.0,50,2330.037904
,-19.0,50,2331.641795
,-50.0,50,2333.276346
,-50.0,50,2334.878324
,-21.0,50,2336.484691
,-36.0,50,2338.101529
,-48.0,50,2339.75061
,-32.0,50,2341.351038
,-21.0,50,2343.014792
,-48.0,50,2344.587606
,-31.0,50,2346.306776
,-50.0,50,2346.58656
,-50.0,50,2346.853502
,-4.0,50,2347.152478
,-9.0,50,2347.457567
,-7.0,50,2347.728997
,-9.0,50,2348.009212
,-47.0,50,2348.317169
,-39.0,50,2348.584807
,-11.0,50,2348.868093
,-19.0,50,2349.304813
,-11.0,50,2350.896065
,-50.0,50,2352.580947
,-19.0,50,2354.198157
,-34.0,50,2355.80948
,-50.0,50,2357.466935
,0.0,50,2359.050063
,-12.0,50,2360.706761
,-18.0,50,2362.321791
,-50.0,50,2363.943503
,-40.0,50,2365.560685
,0.0,50,2367.162803
,-49.0,50,2368.798615
,-14.0,50,2370.429795
,-50.0,50,2372.040243
,-22.0,50,2373.673259
,-33.0,50,2375.341665
,-29.0,50,2376.974703
,-13.0,50,2378.568215
,-50.0,50,2380.188889
,-42.0,50,2381.833055
,0.0,50,2383.45293
,-50.0,50,2385.067283
,-12.0,50,2386.697455
,-50.0,50,2388.343224
,-16.0,50,2389.918962
,-4.0,50,2391.559168
,-18.0,50,2393.171641
,-23.0,50,2394.816947
,-14.0,50,2396.453048
,-27.0,50,2398.091957
,0.0,50,2399.657596
,-25.0,50,2401.333909
,-50.0,50,2402.940265
,-17.0,50,2404.570051
,-13.0,50,2406.179258
,-43.0,50,2407.816661
,-19.0,50,2409.437948
,-12.0,50,2411.05898
,-39.0,50,2412.711464
,-6.0,50,2414.314339
,-43.0,50,2415.934325
,-43.0,50,2417.575858
,-14.0,50,2419.179875
,-30.0,50,2420.817487
,-16.0,50,2422.430564
,-19.0,50,2424.056679
,-19.0,50,2425.705115
,-15.0,50,2427.312912
,-11.0,50,2428.961669
,-13.0,50,2430.57213
,-17.0,50,2430.86599
,-9.0,50,2431.136886
,-8.0,50,2431.418085
,-8.0,50,2431.713091
,-10.0,50,2431.988395
,-6.0,50,2432.280116
,-6.0,50,2432.551696
,-12.0,50,2432.827348
,-7.0,50,2433.133066
,-41.0,50,2433.606963
,0.0,50,2435.217745
,-35.0,50,2436.857118
,-50.0,50,2438.496121
,-50.0,50,2440.097377
,-20.0,50,2441.719404
,0.0,50,2443.343322
,-50.0,50,2444.99917
,-50.0,50,2446.60069
,-50.0,50,2448.247096
,-10.0,50,2449.905132
,-14.0,50,2451.5263
,0.0,50,2453.106236
,-29.0,50,2454.753227
,-41.0,50,2456.354705
,-12.0,50,2457.996123
,-28.0,50,2459.608344
,-50.0,50,2461.25465
,-26.0,50,2462.888688
,0.0,50,2464.498103
,-9.0,50,2466.121777
,-36.0,50,2467.731321
,-7.0,50,2469.340332
,-30.0,50,2470.995848
,-24.0,50,2472.630135
,-28.0,50,2474.249883
,-15.0,50,2475.842841
,-31.0,50,2477.521433
,-40.0,50,2479.147855
,-7.0,50,2480.752704
,-24.0,50,2482.37347
,-32.0,50,2483.999878
,-50.0,50,2485.626312
,-39.0,50,2487.274275
,-23.0,50,2488.875317
,-22.0,50,2490.50076
,-31.0,50,2492.125632
,-37.0,50,2493.743372
,-47.0,50,2495.358716
,-17.0,50,2497.014575
,-33.0,50,2498.623639
,-20.0,50,2500.25994
,-18.0,50,2501.85462
,-16.0,50,2503.492731
,-42.0,50,2505.11266
,-10.0,50,2506.713257
,-9.0,50,2508.341525
,-10.0,50,2509.982703
,-47.0,50,2511.629561
,-43.0,50,2513.242987
,-16.0,50,2514.897291
,-45.0,50,2515.159132
,-7.0,50,2515.496626
,0.0,50,2515.757492
,-10.0,50,2516.0539
,-7.0,50,2516.372696
,-11.0,50,2516.641636
,-9.0,50,2516.904649
,-5.0,50,2517.21841
,-9.0,50,2517.481263
,-32.0,50,2517.90556
,-35.0,50,2519.499627
,-18.0,50,2521.124628
,-33.0,50,2522.749822
,-9.0,50,2524.385931
,-49.0,50,2525.968227
,-39.0,50,2527.611807
,-47.0,50,2529.226853
,-26.0,50,2530.821772
,0.0,50,2532.453883
,-50.0,50,2534.056291
,-12.0,50,2535.68943
,-27.0,50,2537.3421
,-43.0,50,2538.920605
,-22.0,50,2540.59349
,-34.0,50,2542.201198
,-40.0,50,2543.82928
,-8.0,50,2545.433543
,-14.0,50,2547.090833
,-20.0,50,2548.669225
,-50.0,50,2550.329388
,-50.0,50,2551.961453
,-47.0,50,2553.551699
,-19.0,50,2555.192884
,-50.0,50,2556.810046
,-50.0,50,2558.446637
,-40.0,50,2560.050078
,-39.0,50,2561.717553
,-15.0,50,2563.345113
,-13.0,50,2564.932696
,0.0,50,2566.559872
,0.0,50,2568.159178
,-49.0,50,2569.822015
,-41.0,50,2571.431224
,-8.0,50,2573.076032
,-50.0,50,2574.708579
,-14.0,50,2576.284686
,-50.0,50,2577.94184
,-50.0,50,2579.539644
,-46.0,50,2581.18573
,0.0,50,2582.789617
,-15.0,50,2584.430466
,-12.0,50,2586.03706
,-45.0,50,2587.639894
,-45.0,50,2589.265328
,-23.0,50,2590.878829
,-30.0,50,2592.545858
,-28.0,50,2594.155509
,-15.0,50,2595.80211
,-16.0,50,2597.435709
,-6.0,50,2599.116308
,-9.0,50,2599.410922
,-10.0,50,2599.697786
,-13.0,50,2599.966699
,-7.0,50,2600.261664
,0.0,50,2600.507818
,-4.0,50,2600.814808
,-5.0,50,2601.102989
,-8.0,50,2601.388947
,-14.0,50,2601.703737
,-34.0,50,2602.071589
,-17.0,50,2603.691336
,-9.0,50,2605.29322
,-9.0,50,2606.95211
,-44.0,50,2608.548319
,-18.0,50,2610.17721
,-26.0,50,2611.790729
,-29.0,50,2613.431646
,-49.0,50,2615.03699
,-19.0,50,2616.68156
,-13.0,50,2618.298798
,-39.0,50,2619.909448
,-5.0,50,2621.526811
,-8.0,50,2623.105881
,-8.0,50,2624.732153
,-4.0,50,2626.343925
,-13.0,50,2627.999148
,0.0,50,2629.613128
,0.0,50,2631.218522
,-44.0,50,2632.875435
,-7.0,50,2634.517545
,-24.0,50,2636.141173
,-20.0,50,2637.769994
,-26.0,50,2639.382762
,-37.0,50,2641.005981
,-13.0,50,2642.587018
,-48.0,50,2644.228898
,-37.0,50,2645.818321
,-47.0,50,2647.45805
,-12.0,50,2649.126542
,-29.0,50,2650.715868
,-50.0,50,2652.325818
,-12.0,50,2653.959883
,-19.0,50,2655.570571
,-7.0,50,2657.201353
,-50.0,50,2658.82545
,-35.0,50,2660.466271
,-50.0,50,2662.056353
,-50.0,50,2663.674899
,-39.0,50,2665.296756
,-4.0,50,2666.930906
,-50.0,50,2668.58016
,-13.0,50,2670.201791
,-13.0,50,2671.824821
,-49.0,50,2673.460803
,-40.0,50,2675.066127
,-35.0,50,2676.681841
,-50.0,50,2678.320137
,-33.0,50,2679.960059
,-30.0,50,2681.535679
,-11.0,50,2683.23372
,-9.0,50,2683.506155
,-13.0,50,2683.784225
,-3.0,50,2684.0344
,-9.0,50,2684.292716
,-5.0,50,2684.578658
,-4.0,50,2684.865506
,-50.0,50,2685.134841
,-7.0,50,2685.390003
,-6.0,50,2685.688287
,-43.0,50,2686.124228
,-50.0,50,2687.727331
,-8.0,50,2689.354824
,0.0,50,2691.036412
,-21.0,50,2692.636168
,0.0,50,2694.257202
,-50.0,50,2695.903067
,-7.0,50,2697.533374
,-48.0,50,2699.127302
,-16.0,50,2700.784713
,0.0,50,2702.397756
,-22.0,50,2704.01908
,-50.0,50,2705.653719
,-10.0,50,2707.268677
,-17.0,50,2708.901258
,-10.0,50,2710.468003
,-45.0,50,2712.133836
,-14.0,50,2713.761707
,-42.0,50,2715.418939
,-11.0,50,2717.02149
,-26.0,50,2718.63346
,-6.0,50,2720.273564
,-42.0,50,2721.899565
,-50.0,50,2723.52106
,-28.0,50,2725.138723
,-11.0,50,2726.755433
,-20.0,50,2728.367131
,-13.0,50,2729.988135
,-7.0,50,2731.616509
,-37.0,50,2733.204543
,-21.0,50,2734.824605
,-27.0,50,2736.458005
,-46.0,50,2738.093548
,-43.0,50,2739.711274
,-38.0,50,2741.345505
,-50.0,50,2742.935102
,-10.0,50,2744.559173
,-39.0,50,2746.180932
,-33.0,50,2747.809298
,-32.0,50,2749.438435
,-47.0,50,2751.06666
,-14.0,50,2752.695539
,-6.0,50,2754.322664
,-38.0,50,2755.973514
,0.0,50,2757.545126
,-40.0,50,2759.163864
,-23.0,50,2760.784529
,-33.0,50,2762.426587
,-21.0,50,2764.074697
,-46.0,50,2765.700178
,-10.0,50,2767.311497
,-10.0,50,2767.58498
,-8.0,50,2767.880883
,-11.0,50,2768.164719
,-13.0,50,2768.427536
,-8.0,50,2768.681084
,-4.0,50,2768.957749
,-13.0,50,2769.243643
,-8.0,50,2769.500039
,-12.0,50,2769.779597
,-50.0,50,2770.237237
,-45.0,50,2771.853776
,-39.0,50,2773.478396
,-16.0,50,2775.075453
,-27.0,50,2776.737067
,-39.0,50,2778.371253
,-47.0,50,2779.975833
,-9.0,50,2781.573014
,-25.0,50,2783.217738
,-35.0,50,2784.847968
,-42.0,50,2786.478594
,-41.0,50,2788.127037
,-19.0,50,2789.753709
,-42.0,50,2791.39669
,-7.0,50,2793.006002
,-37.0,50,2794.609524
,-34.0,50,2796.22771
,-34.0,50,2797.871495
,-15.0,50,2799.465472
,-50.0,50,2801.092171
,-8.0,50,2802.695832
,-50.0,50,2804.313487
,-9.0,50,2805.927263
,-50.0,50,2807.558735
,-40.0,50,2809.207919
,0.0,50,2810.778584
,-14.0,50,2812.406259
,-11.0,50,2814.046538
,-13.0,50,2815.686915
,-46.0,50,2817.300937
,-40.0,50,2818.929995
,-16.0,50,2820.518474
,-50.0,50,2822.17916
,-24.0,50,2823.803724
,-28.0,50,2825.400393
,-26.0,50,2827.095277
,-50.0,50,2828.673227
,-33.0,50,2830.324635
,-6.0,50,2831.914298
,-19.0,50,2833.545356
,-15.0,50,2835.164492
,-50.0,50,2836.795159
,-48.0,50,2838.397054
,-50.0,50,2840.053401
,-21.0,50,2841.625361
,-50.0,50,2843.245423
,-14.0,50,2844.895634
,-9.0,50,2846.543306
,-46.0,50,2848.140408
,-14.0,50,2849.766084
,-13.0,50,2851.478187
,-12.0,50,2851.781924
,-13.0,50,2852.060045
,-50.0,50,2852.346618
,-15.0,50,2852.608494
,-10.0,50,2852.880601
,0.0,50,2853.129151
,-9.0,50,2853.428895
,-10.0,50,2853.707137
,-6.0,50,2853.955608
,-10.0,50,2854.285793
,-22.0,50,2855.908374
,-46.0,50,2857.568868
,-10.0,50,2859.189984
,-35.0,50,2860.811457
,-20.0,50,2862.39721
,0.0,50,2864.041409
,-48.0,50,2865.683507
,0.0,50,2867.304415
,-19.0,50,2868.947763
,-5.0,50,2870.560576
,-15.0,50,2872.199615
,-34.0,50,2873.82583
,-12.0,50,2875.441711
,-50.0,50,2877.043109
,-48.0,50,2878.67321
,-50.0,50,2880.306028
,-50.0,50,2881.955824
,-19.0,50,2883.545613
,-44.0,50,2885.184735
,-16.0,50,2886.832808
,-28.0,50,2888.461339
,-50.0,50,2890.130249
,-9.0,50,2891.752861
,-14.0,50,2893.367701
,0.0,50,2894.983287
,-50.0,50,2896.63674
,-23.0,50,2898.249539
,0.0,50,2899.837984
,-8.0,50,2901.481049
,-31.0,50,2903.111724
,-50.0,50,2904.728568
,-25.0,50,2906.392299
,-28.0,50,2908.008798
,-43.0,50,2909.641146
,-22.0,50,2911.231233
,-44.0,50,2912.8667
,-50.0,50,2914.50538
,-25.0,50,2916.092031
,-14.0,50,2917.713573
,-28.0,50,2919.407481
,-47.0,50,2921.020638
,-20.0,50,2922.632158
,-14.0,50,2924.263702
,0.0,50,2925.854458
,-46.0,50,2927.488335
,-50.0,50,2929.108979
,-40.0,50,2930.70528
,-16.0,50,2932.341417
,0.0,50,2934.004355
,-5.0,50,2935.667705
,-11.0,50,2935.947654
,-13.0,50,2936.253801
,-15.0,50,2936.545465
,-4.0,50,2936.814155
,-47.0,50,2937.130059
,-4.0,50,2937.4103
,-11.0,50,2937.68083
,-43.0,50,2937.96557
,-12.0,50,2938.236974
,-15.0,50,2938.565661
,-50.0,50,2940.180049
,-20.0,50,2941.813951
,-20.0,50,2943.408089
,-49.0,50,2945.060891
,-28.0,50,2946.696316
,-24.0,50,2948.27723
,-32.0,50,2949.945406
,-47.0,50,2951.563726
,-47.0,50,2953.182119
,-6.0,50,2954.844289
,-6.0,50,2956.46624
,-9.0,50,2958.054731
,-45.0,50,2959.694164
,-16.0,50,2961.296004
,-10.0,50,2962.93558
,-40.0,50,2964.549831
,-6.0,50,2966.215273
,-28.0,50,2967.84831
,-20.0,50,2969.463141
,-33.0,50,2971.100826
,-25.0,50,2972.72894
,-40.0,50,2974.353899
,-43.0,50,2975.967706
,-9.0,50,2977.617821
,-37.0,50,2979.257603
,-10.0,50,2980.879082
,-20.0,50,2982.519918
,0.0,50,2984.133461
,-40.0,50,2985.786296
,-39.0,50,2987.430268
,-35.0,50,2989.060118
,-8.0,50,2990.666322
,-48.0,50,2992.303982
,-40.0,50,2993.938983
,-28.0,50,2995.58088
,-20.0,50,2997.256136
,-9.0,50,2998.832983
,-28.0,50,3000.489172
,-48.0,50,3002.098337
,-46.0,50,3003.750831
,-50.0,50,3005.359619
,-22.0,50,3006.990226
,-45.0,50,3008.63329
,-46.0,50,3010.262447
,-50.0,50,3011.844836
,-27.0,50,3013.507584
,-9.0,50,3015.104906
,-30.0,50,3016.731967
,-27.0,50,3018.356767
,-9.0,50,3019.990126
,-15.0,50,3020.265205
,-13.0,50,3020.537789
,-42.0,50,3020.870537
,-10.0,50,3021.120153
,-46.0,50,3021.429111
,-14.0,50,3021.718298
,-10.0,50,3021.984658
,-6.0,50,3022.258788
,-9.0,50,3022.556504
,-17.0,50,3022.856838
,-41.0,50,3024.479055
,-46.0,50,3026.108639
,-50.0,50,3027.770597
,-47.0,50,3029.37588
,-50.0,50,3030.990537
,-50.0,50,3032.630725
,-40.0,50,3034.25983
,-39.0,50,3035.893125
,-45.0,50,3037.510603
,-18.0,50,3039.126268
,-7.0,50,3040.713052
,-22.0,50,3042.386865
,-19.0,50,3044.009998
,-25.0,50,3045.665231
,-15.0,50,3047.245016
,-50.0,50,3048.907553
,-49.0,50,3050.507143
,-39.0,50,3052.163342
,-25.0,50,3053.758024
,-25.0,50,3055.358183
,-15.0,50,3056.978868
,-29.0,50,3058.613601
,-48.0,50,3060.25982
,-10.0,50,3061.865062
,-9.0,50,3063.46965
,-27.0,50,3065.194037
,-13.0,50,3066.795509
,-50.0,50,3068.440995
,-43.0,50,3070.06534
,-19.0,50,3071.6807
,-12.0,50,3073.310038
,-40.0,50,3074.932764
,-16.0,50,3076.586464
,-50.0,50,3078.230918
,-45.0,50,3079.833122
,-50.0,50,3081.447248
,-47.0,50,3083.112015
,-20.0,50,3084.730346
,-50.0,50,3086.342912
,-43.0,50,3087.967899
,-43.0,50,3089.586059
,-37.0,50,3091.218536
,-17.0,50,3092.850385
,-33.0,50,3094.515655
,-50.0,50,3096.127899
,-11.0,50,3097.7708
,-50.0,50,3099.405555
,-26.0,50,3101.045307
,-10.0,50,3102.664531
,-48.0,50,3104.36656
,-5.0,50,3104.674929
,-8.0,50,3104.955071
,0.0,50,3105.208122
,-46.0,50,3105.505642
,-7.0,50,3105.772996
,-8.0,50,3106.049399
,-4.0,50,3106.344195
,-6.0,50,3106.619177
,-13.0,50,3106.913126
,-30.0,50,3107.197278
,-13.0,50,3108.825986
,-47.0,50,3110.428531
,-47.0,50,3112.059886
,-41.0,50,3113.688484
,-31.0,50,3115.328196
,-15.0,50,3116.955758
,-14.0,50,3118.602846
,-50.0,50,3120.217275
,-35.0,50,3121.845069
,-50.0,50,3123.474778
,-50.0,50,3125.093554
,-42.0,50,3126.722583
,-45.0,50,3128.34552
,-26.0,50,3129.992664
,-24.0,50,3131.63456
,-21.0,50,3133.251407
,-46.0,50,3134.874305
,-43.0,50,3136.520127
,-6.0,50,3138.168226
,-18.0,50,3139.759297
,-47.0,50,3141.39715
,-50.0,50,3143.021567
,-27.0,50,3144.656503
,-36.0,50,3146.297011
,-50.0,50,3147.914366
,-18.0,50,3149.500344
,-13.0,50,3151.131483
,-7.0,50,3152.751939
,-50.0,50,3154.425667
,-46.0,50,3156.007866
,-41.0,50,3157.649923
,-16.0,50,3159.298535
,-46.0,50,3160.900752
,-50.0,50,3162.548384
,-15.0,50,3164.168297
,-11.0,50,3165.818269
,-45.0,50,3167.449463
,0.0,50,3169.061978
,-47.0,50,3170.692374
,-11.0,50,3172.31373
,-50.0,50,3173.949434
,-33.0,50,3175.599215
,-32.0,50,3177.268555
,-38.0,50,3178.859907
,-19.0,50,3180.498362
,-15.0,50,3182.147871
,-19.0,50,3183.794963
,-50.0,50,3185.418596
,-8.0,50,3187.04165
,-35.0,50,3188.661085
,-7.0,50,3188.909674
,-7.0,50,3189.198447
,-14.0,50,3189.47297
,-5.0,50,3189.769177
,-46.0,50,3190.067048
,-11.0,50,3190.377167
,-12.0,50,3190.663843
,-8.0,50,3190.970104
,-7.0,50,3191.229977
,-15.0,50,3191.527496
,-49.0,50,3193.17463
,-14.0,50,3194.799762
,-16.0,50,3196.464533
,-50.0,50,3198.069075
,-20.0,50,3199.717534
,-18.0,50,3201.328707
,-50.0,50,3202.945642
,0.0,50,3204.573034
,-48.0,50,3206.205999
,-50.0,50,3207.855526
,-48.0,50,3209.541112
,-43.0,50,3211.152971
,-16.0,50,3212.766134
,-27.0,50,3214.433276
,-29.0,50,3216.075623
,-49.0,50,3217.714115
,-17.0,50,3219.340523
,-13.0,50,3220.95557
,-50.0,50,3222.607621
,-18.0,50,3224.225444
,-49.0,50,3225.882441
,-45.0,50,3227.509547
,-16.0,50,3229.168278
,-34.0,50,3230.767483
,-50.0,50,3232.428422
,-10.0,50,3234.046403
,-42.0,50,3235.673265
,-44.0,50,3237.277717
,-41.0,50,3238.939331
,-50.0,50,3240.573696
,-50.0,50,3242.219879
,-15.0,50,3243.845436
,-50.0,50,3245.489484
,-20.0,50,3247.094602
,-50.0,50,3248.751934
,-9.0,50,3250.367646
,-41.0,50,3252.002988
,-29.0,50,3253.658155
,-9.0,50,3255.295132
,-28.0,50,3256.908621
,-21.0,50,3258.551883
,-50.0,50,3260.219351
,-28.0,50,3261.826811
,-44.0,50,3263.473218
,-7.0,50,3265.071143
,-24.0,50,3266.71498
,-50.0,50,3268.329423
,-50.0,50,3269.992424
,-23.0,50,3271.600062
,-8.0,50,3273.260002
,-14.0,50,3273.545794
,-6.0,50,3273.804355
,-8.0,50,3274.099588
,-5.0,50,3274.420819
,-8.0,50,3274.745693
,-7.0,50,3275.020385
,-8.0,50,3275.304809
,-14.0,50,3275.57336
,-9.0,50,3275.850996
,-39.0,50,3276.154258
,-12.0,50,3277.790165
,-50.0,50,3279.412026
,-16.0,50,3281.081151
,-49.0,50,3282.725069
,-39.0,50,3284.321545
,-50.0,50,3285.984183
,-50.0,50,3287.63761
,-50.0,50,3289.248919
,-50.0,50,3290.868919
,-34.0,50,3292.506793
,-40.0,50,3294.158037
,-49.0,50,3295.768233
,-40.0,50,3297.39365
,-18.0,50,3299.050644
,-11.0,50,3300.702654
,-50.0,50,3302.318063
,-16.0,50,3303.939697
,-19.0,50,3305.591513
,-50.0,50,3307.237534
,-50.0,50,3308.884219
,-25.0,50,3310.490247
,-19.0,50,3312.123142
,-14.0,50,3313.750064
,-49.0,50,3315.422498
,-50.0,50,3317.045732
,-27.0,50,3318.700359
,-13.0,50,3320.330641
,-50.0,50,3321.963712
,-50.0,50,3323.600796
,-42.0,50,3325.238182
,-43.0,50,3326.871941
,-50.0,50,3328.510679
,-24.0,50,3330.150919
,-50.0,50,3331.753691
,-33.0,50,3333.390147
,-12.0,50,3335.027381
,-6.0,50,3336.674806
,-34.0,50,3338.320953
,-31.0,50,3339.927625
,-19.0,50,3341.568782
,-8.0,50,3343.194605
,-20.0,50,3344.871939
,-42.0,50,3346.514748
,-15.0,50,3348.129391
,-14.0,50,3349.762929
,-16.0,50,3351.411312
,-23.0,50,3353.070865
,-9.0,50,3354.703398
,-12.0,50,3356.330183
,-8.0,50,3357.975582
,-6.0,50,3358.267604
,-12.0,50,3358.571867
,-8.0,50,3358.822606
,-11.0,50,3359.093962
,-4.0,50,3359.367619
,-4.0,50,3359.648626
,-10.0,50,3359.928402
,-38.0,50,3360.188204
,-10.0,50,3360.464003
,-47.0,50,3360.829098
,-50.0,50,3362.442588
,-8.0,50,3364.081408
,-13.0,50,3365.717542
,-33.0,50,3367.389122
,-19.0,50,3369.000361
,-49.0,50,3370.656676
,-17.0,50,3372.253971
,-36.0,50,3373.889428
,-36.0,50,3375.549745
,-9.0,50,3377.162771
,-50.0,50,3378.814558
,-43.0,50,3380.452738
,-50.0,50,3382.095089
,-50.0,50,3383.731223
,-43.0,50,3385.365908
,-17.0,50,3387.01968
,-7.0,50,3388.654471
,-19.0,50,3390.269611
,-49.0,50,3391.922384
,-43.0,50,3393.561528
,-13.0,50,3395.19682
,-50.0,50,3396.810935
,-15.0,50,3398.457711
,-44.0,50,3400.093776
,-15.0,50,3401.701199
,-41.0,50,3403.35797
,-50.0,50,3404.976072
,-49.0,50,3406.633242
,-50.0,50,3408.281116
,-50.0,50,3409.906792
,-50.0,50,3411.541499
,-33.0,50,3413.158371
,-46.0,50,3414.790638
,-38.0,50,3416.45108
,-18.0,50,3418.067511
,-15.0,50,3419.708595
,-48.0,50,3421.323809
,-24.0,50,3422.966009
,-50.0,50,3424.617377
,-20.0,50,3426.214667
,-42.0,50,3427.870255
,-15.0,50,3429.466048
,-50.0,50,3431.146821
,-9.0,50,3432.75808
,-24.0,50,3434.371892
,-15.0,50,3436.031366
,-22.0,50,3437.644975
,-50.0,50,3439.264274
,-46.0,50,3440.893738
,-15.0,50,3442.605265
,-9.0,50,3442.890857
,-6.0,50,3443.163618
,-11.0,50,3443.44778
,-12.0,50,3443.762967
,-22.0,50,3444.046776
,-17.0,50,3444.36817
,-9.0,50,3444.653336
,-6.0,50,3444.917762
,-36.0,50,3445.250075
,-46.0,50,3445.543204
,-10.0,50,3447.158123
,-24.0,50,3448.810947
,-46.0,50,3450.494777
,-50.0,50,3452.091555
,-19.0,50,3453.722222
,-45.0,50,3455.367923
,-13.0,50,3457.024431
,-50.0,50,3458.627825
,-19.0,50,3460.307899
,-50.0,50,3461.892519
,-23.0,50,3463.57017
,-16.0,50,3465.201303
,-50.0,50,3466.803302
,-49.0,50,3468.437905
,-36.0,50,3470.090727
,-10.0,50,3471.71261
,-24.0,50,3473.347024
,-13.0,50,3474.984712
,-50.0,50,3476.638144
,-22.0,50,3478.293934
,-19.0,50,3479.893203
,-45.0,50,3481.558146
,-32.0,50,3483.19523
,-50.0,50,3484.816016
,-9.0,50,3486.440021
,-50.0,50,3488.101294
,-40.0,50,3489.727989
,-10.0,50,3491.364669
,-19.0,50,3493.0035
,-27.0,50,3494.653578
,-22.0,50,3496.24945
,-50.0,50,3497.942823
,-36.0,50,3499.567023
,-37.0,50,3501.195396
,-45.0,50,3502.825438
,-49.0,50,3504.47372
,-16.0,50,3506.121262
,-22.0,50,3507.771242
,-50.0,50,3509.378672
,-25.0,50,3511.065038
,-24.0,50,3512.668827
,-48.0,50,3514.335938
,-27.0,50,3515.94801
,-49.0,50,3517.582916
,-24.0,50,3519.255716
,-25.0,50,3520.882587
,-24.0,50,3522.510265
,-41.0,50,3524.1262
,-17.0,50,3525.790002
,-9.0,50,3527.45519
,-8.0,50,3527.725791
,-10.0,50,3528.033353
,-24.0,50,3528.321959
,-10.0,50,3528.607649
,0.0,50,3528.843242
,-6.0,50,3529.101644
,-7.0,50,3529.385153
,-15.0,50,3529.678068
,-19.0,50,3529.9827
,-50.0,50,3530.342664
,-29.0,50,3532.007289
,-14.0,50,3533.610939
,-21.0,50,3535.24409
,-50.0,50,3536.903207
,-14.0,50,3538.534928
,-9.0,50,3540.171562
,-25.0,50,3541.814797
,-25.0,50,3543.436301
,-50.0,50,3545.068687
,-44.0,50,3546.68604
,-9.0,50,3548.339731
,-49.0,50,3550.017356
,-50.0,50,3551.63287
,-45.0,50,3553.274848
,-37.0,50,3554.914833
,-46.0,50,3556.533024
,-50.0,50,3558.18322
,-2.0,50,3559.81152
,-23.0,50,3561.442305
,-44.0,50,3563.092563
,-50.0,50,3564.749395
,-19.0,50,3566.390964
,-46.0,50,3568.009431
,-14.0,50,3569.627859
,-50.0,50,3571.295965
,-26.0,50,3572.914713
,-50.0,50,3574.582924
,-50.0,50,3576.242745
,-47.0,50,3577.879558
,-50.0,50,3579.493078
,-38.0,50,3581.156921
,-9.0,50,3582.810171
,0.0,50,3584.430862
,-47.0,50,3586.076103
,-43.0,50,3587.764027
,-31.0,50,3589.390373
,-45.0,50,3591.012155
,-15.0,50,3592.702355
,-50.0,50,3594.322675
,-22.0,50,3595.979523
,-11.0,50,3597.597547
,-45.0,50,3599.26272
,-9.0,50,3600.883068
,-50.0,50,3602.545704
,-21.0,50,3604.188596
,-50.0,50,3605.821906
,-22.0,50,3607.437944
,-49.0,50,3609.101674
,-9.0,50,3610.720644
,-9.0,50,3612.443019
,-12.0,50,3612.736395
,-8.0,50,3613.023607
,-9.0,50,3613.317309
,-12.0,50,3613.595101
,-10.0,50,3613.848053
,-6.0,50,3614.132726
,-5.0,50,3614.400903
,-10.0,50,3614.679672
,-8.0,50,3614.975843
,-16.0,50,3615.231249
,-12.0,50,3616.889889
,-50.0,50,3618.52051
,-11.0,50,3620.186669
,-13.0,50,3621.807503
,-47.0,50,3623.459962
,-43.0,50,3625.090736
,-50.0,50,3626.723311
,-37.0,50,3628.359482
,-18.0,50,3629.9988
,-50.0,50,3631.625191
,-19.0,50,3633.298707
,-11.0,50,3634.921085
,-19.0,50,3636.606611
,-50.0,50,3638.213842
,-44.0,50,3639.8804
,-10.0,50,3641.489522
,-46.0,50,3643.135549
,-50.0,50,3644.783682
,-47.0,50,3646.40533
,-50.0,50,3648.087545
,-49.0,50,3649.716734
,-38.0,50,3651.372967
,-42.0,50,3653.007062
,-13.0,50,3654.669619
,-10.0,50,3656.309098
,-20.0,50,3657.947732
,-31.0,50,3659.591324
,-20.0,50,3661.219014
,-18.0,50,3662.865631
,-12.0,50,3664.503556
,-13.0,50,3666.166108
,-19.0,50,3667.788804
,-8.0,50,3669.426337
,-25.0,50,3671.048094
,-21.0,50,3672.686424
,-9.0,50,3674.344564
,-10.0,50,3675.984589
,-15.0,50,3677.656427
,-18.0,50,3679.268491
,-50.0,50,3680.899591
,-10.0,50,3682.598111
,-50.0,50,3684.201434
,-41.0,50,3685.861514
,-15.0,50,3687.460396
,-37.0,50,3689.116421
,-39.0,50,3690.763423
,-50.0,50,3692.397029
,-44.0,50,3694.038962
,-46.0,50,3695.674666
,-5.0,50,3697.341329
,-11.0,50,3697.624487
,-7.0,50,3697.889253
,-13.0,50,3698.166495
,-9.0,50,3698.478325
,0.0,50,3698.769138
,-11.0,50,3699.053044
,-7.0,50,3699.369233
,-10.0,50,3699.646601
,-5.0,50,3699.931162
,-17.0,50,3700.215702
,-50.0,50,3701.848164
,-50.0,50,3703.482478
,-14.0,50,3705.121556
,-47.0,50,3706.749956
,-50.0,50,3708.392877
,-50.0,50,3710.051111
,-47.0,50,3711.681714
,-16.0,50,3713.318936
,-7.0,50,3714.966204
,-10.0,50,3716.571862
,-42.0,50,3718.254764
,-20.0,50,3719.909846
,-16.0,50,3721.535313
,-50.0,50,3723.19365
,-48.0,50,3724.800223
,-50.0,50,3726.488299
,-36.0,50,3728.116033
,-25.0,50,3729.779741
,-8.0,50,3731.378706
,-9.0,50,3733.014365
,-50.0,50,3734.683728
,-17.0,50,3736.325017
,-50.0,50,3737.969365
,-11.0,50,3739.607382
,-11.0,50,3741.276591
,-4.0,50,3742.895018
,-46.0,50,3744.578884
,-40.0,50,3746.201957
,-50.0,50,3747.812042
,-50.0,50,3749.474485
,-50.0,50,3751.123139
,0.0,50,3752.74682
,-50.0,50,3754.427737
,0.0,50,3756.031981
,-50.0,50,3757.714682
,-14.0,50,3759.338297
,-22.0,50,3760.980146
,-20.0,50,3762.630343
,-50.0,50,3764.270752
,-25.0,50,3765.869577
,-22.0,50,3767.541955
,-43.0,50,3769.182695
,-35.0,50,3770.812554
,-22.0,50,3772.441757
,-33.0,50,3774.078891
,-32.0,50,3775.723212
,-21.0,50,3777.375996
,-37.0,50,3779.038527
,-50.0,50,3780.687056
,-11.0,50,3782.309663
,-9.0,50,3782.59797
,-7.0,50,3782.865452
,-7.0,50,3783.171249
,-8.0,50,3783.437371
,-8.0,50,3783.728732
,-16.0,50,3783.997134
,-13.0,50,3784.267238
,-6.0,50,3784.53869
,-9.0,50,3784.802438
,-26.0,50,3785.219417
,-21.0,50,3786.868146
,-46.0,50,3788.482326
,-35.0,50,3790.141118
,-50.0,50,3791.766379
,-38.0,50,3793.378304
,-50.0,50,3795.033288
,-44.0,50,3796.688918
,-50.0,50,3798.332
,-50.0,50,3799.954201
,-36.0,50,3801.585827
,-6.0,50,3803.222974
,-26.0,50,3804.876323
,-9.0,50,3806.505739
,-43.0,50,3808.105088
,-50.0,50,3809.774404
,-44.0,50,3811.398861
,-11.0,50,3813.027992
,-19.0,50,3814.68785
,-31.0,50,3816.32484
,-10.0,50,3817.95138
,-48.0,50,3819.60739
,-21.0,50,3821.245938
,-27.0,50,3822.885418
,-42.0,50,3824.559994
,-17.0,50,3826.176756
,-50.0,50,3827.828968
,-50.0,50,3829.43235
,-50.0,50,3831.106494
,-34.0,50,3832.731959
,-26.0,50,3834.365656
,-50.0,50,3836.025829
,-48.0,50,3837.686721
,-8.0,50,3839.290563
,-50.0,50,3840.950373
,-45.0,50,3842.607359
,-26.0,50,3844.205681
,-22.0,50,3845.852792
,-18.0,50,3847.516906
,-15.0,50,3849.142055
,-50.0,50,3850.803437
,-9.0,50,3852.436948
,-41.0,50,3854.087566
,-50.0,50,3855.702804
,-36.0,50,3857.353332
,-17.0,50,3858.990071
,-13.0,50,3860.638919
,-29.0,50,3862.309109
,-11.0,50,3863.946122
,-24.0,50,3865.595413
,-11.0,50,3867.291013
,-10.0,50,3867.573116
,-13.0,50,3867.85363
,-9.0,50,3868.120916
,-13.0,50,3868.403017
,-7.0,50,3868.658874
,-25.0,50,3868.951421
,-11.0,50,3869.241163
,-7.0,50,3869.499745
,-9.0,50,3869.76056
,-50.0,50,3870.121651
,-50.0,50,3871.759085
,-50.0,50,3873.427227
,-18.0,50,3875.062578
,-37.0,50,3876.704469
,-11.0,50,3878.353729
,-50.0,50,3880.021542
,-50.0,50,3881.617254
,-50.0,50,3883.287083
,-50.0,50,3884.928421
,-30.0,50,3886.522925
,-50.0,50,3888.167628
,-46.0,50,3889.820113
,-50.0,50,3891.494105
,-22.0,50,3893.126289
,-22.0,50,3894.737746
,-15.0,50,3896.408688
,0.0,50,3898.003832
,-50.0,50,3899.658154
,-11.0,50,3901.28067
,-50.0,50,3902.913347
,-15.0,50,3904.592583
,-37.0,50,3906.23165
,-50.0,50,3907.883439
,-47.0,50,3909.505254
,-24.0,50,3911.130951
,-29.0,50,3912.772712
,-15.0,50,3914.414096
,-50.0,50,3916.082412
,0.0,50,3917.69759
,-33.0,50,3919.344749
,-15.0,50,3920.989516
,-50.0,50,3922.600359
,-49.0,50,3924.281338
,-38.0,50,3925.892255
,-14.0,50,3927.548702
,-50.0,50,3929.152938
,-8.0,50,3930.803375
,-39.0,50,3932.467224
,-50.0,50,3934.094655
,-32.0,50,3935.789033
,-37.0,50,3937.433702
,-50.0,50,3939.058559
,-11.0,50,3940.713494
,-16.0,50,3942.349573
,-42.0,50,3943.977022
,-14.0,50,3945.606571
,-26.0,50,3947.279491
,-50.0,50,3948.942803
,-9.0,50,3950.556722
,-9.0,50,3952.226496
,-12.0,50,3952.543682
,-10.0,50,3952.852143
,-6.0,50,3953.185868
,-6.0,50,3953.498127
,-9.0,50,3953.793964
,-12.0,50,3954.065832
,0.0,50,3954.342253
,-6.0,50,3954.661955
,-8.0,50,3954.912902
,-22.0,50,3955.162829
,-21.0,50,3956.837775
,-35.0,50,3958.458849
,-24.0,50,3960.104398
,-50.0,50,3961.775635
,-40.0,50,3963.38859
,-50.0,50,3965.032977
,-38.0,50,3966.676826
,-50.0,50,3968.327949
,-11.0,50,3969.946993
,-49.0,50,3971.609407
,-8.0,50,3973.251988
,-50.0,50,3974.920072
,-44.0,50,3976.53665
,-46.0,50,3978.17188
,-50.0,50,3979.794904
,-44.0,50,3981.479863
,0.0,50,3983.115069
,-50.0,50,3984.742773
,-50.0,50,3986.400545
,-44.0,50,3988.01272
,-50.0,50,3989.674355
,-46.0,50,3991.321022
,-26.0,50,3992.946246
,-50.0,50,3994.589007
,-46.0,50,3996.245218
,-18.0,50,3997.870643
,-50.0,50,3999.546673
,-37.0,50,4001.164789
,-12.0,50,4002.789474
,-19.0,50,4004.437521
,-19.0,50,4006.053314
,-31.0,50,4007.726249
,-50.0,50,4009.394276
,-20.0,50,4011.015116
,-50.0,50,4012.649408
,-40.0,50,4014.290009
,-12.0,50,4015.938444
,-40.0,50,4017.601717
,-28.0,50,4019.252107
,-26.0,50,4020.892715
,-23.0,50,4022.503087
,-50.0,50,4024.129858
,-25.0,50,4025.791728
,-45.0,50,4027.425324
,-50.0,50,4029.062099
,-32.0,50,4030.734431
,-50.0,50,4032.350574
,-23.0,50,4033.975998
,-20.0,50,4035.630816
,-11.0,50,4037.276906
,-10.0,50,4037.561763
,-9.0,50,4037.824614
,-11.0,50,4038.139736
,-11.0,50,4038.427266
,-14.0,50,4038.751262
,-7.0,50,4039.057582
,-14.0,50,4039.353081
,-9.0,50,4039.63393
,-6.0,50,4039.893738
,-50.0,50,4040.188675
,-50.0,50,4041.820163
,-29.0,50,4043.41506
,-15.0,50,4045.079236
,-24.0,50,4046.714941
,-7.0,50,4048.339149
,-50.0,50,4050.043956
,-22.0,50,4051.670027
,-46.0,50,4053.283221
,-15.0,50,4054.909511
,-21.0,50,4056.539949
,-50.0,50,4058.23419
,-43.0,50,4059.858261
,-8.0,50,4061.449714
,-14.0,50,4063.118367
,-50.0,50,4064.743377
,-18.0,50,4066.389125
,-18.0,50,4068.014617
,-50.0,50,4069.667407
,-17.0,50,4071.2877
,-41.0,50,4072.903049
,-48.0,50,4074.561746
,-48.0,50,4076.212905
,-50.0,50,4077.827824
,-30.0,50,4079.464492
,-11.0,50,4081.067265
,-47.0,50,4082.73313
,-14.0,50,4084.396609
,-35.0,50,4085.993475
,-20.0,50,4087.654217
,-47.0,50,4089.272541
,-22.0,50,4090.917466
,-40.0,50,4092.556622
,-38.0,50,4094.21231
,-20.0,50,4095.823054
,-46.0,50,4097.460272
,-11.0,50,4099.122478
,-8.0,50,4100.734294
,-45.0,50,4102.411582
,-47.0,50,4104.051334
,-47.0,50,4105.699058
,-50.0,50,4107.350993
,-15.0,50,4108.966948
,0.0,50,4110.627439
,-15.0,50,4112.309674
,-19.0,50,4113.950145
,-26.0,50,4115.615585
,-50.0,50,4117.234581
,-50.0,50,4118.891338
,-12.0,50,4120.534388
,-10.0,50,4122.205474
,-9.0,50,4122.493418
,-5.0,50,4122.771219
,-8.0,50,4123.03206
,-7.0,50,4123.322676
,-7.0,50,4123.579249
,-6.0,50,4123.894681
,-7.0,50,4124.204447
,-14.0,50,4124.485981
,-11.0,50,4124.77067
,-44.0,50,4125.103335
,-50.0,50,4126.754296
,-47.0,50,4128.421365
,-13.0,50,4130.062835
,-36.0,50,4131.73662
,-16.0,50,4133.360926
,-16.0,50,4135.001446
,-16.0,50,4136.639149
,-35.0,50,4138.26625
,-14.0,50,4139.913626
,-27.0,50,4141.539061
,-32.0,50,4143.190883
,-50.0,50,4144.83778
,-22.0,50,4146.476384
,-22.0,50,4148.095488
,-50.0,50,4149.747158
,-19.0,50,4151.368166
,-34.0,50,4153.041014
,-50.0,50,4154.672716
,-50.0,50,4156.349347
,-30.0,50,4158.009441
,-50.0,50,4159.660612
,-46.0,50,4161.270111
,-42.0,50,4162.930305
,-50.0,50,4164.568983
,-46.0,50,4166.209074
,-20.0,50,4167.83025
,-13.0,50,4169.51233
,-16.0,50,4171.137277
,-27.0,50,4172.789181
,-24.0,50,4174.428234
,-31.0,50,4176.05367
,-11.0,50,4177.669198
,-23.0,50,4179.315693
,-43.0,50,4180.961889
,-50.0,50,4182.583132
,-41.0,50,4184.271512
,-44.0,50,4185.894343
,-50.0,50,4187.566052
,-22.0,50,4189.187544
,-18.0,50,4190.836451
,-50.0,50,4192.4917
,0.0,50,4194.07516
,-3.0,50,4195.735919
,-50.0,50,4197.391627
,0.0,50,4199.036701
,-44.0,50,4200.66369
,-49.0,50,4202.307966
,-16.0,50,4203.99483
,-50.0,50,4205.636665
,-9.0,50,4207.285627
,-12.0,50,4207.564357
,-12.0,50,4207.847088
,-44.0,50,4208.140654
,-9.0,50,4208.421953
,-4.0,50,4208.706563
,-10.0,50,4208.973577
,-9.0,50,4209.265298
,-13.0,50,4209.549925
,-7.0,50,4209.807715
,-43.0,50,4210.186764
,-8.0,50,4211.825339
,-18.0,50,4213.472516
,-50.0,50,4215.156827
,-16.0,50,4216.757242
,-29.0,50,4218.382777
,-25.0,50,4220.037979
,-21.0,50,4221.692433
,-48.0,50,4223.307436
,0.0,50,4224.949888
,-28.0,50,4226.571796
,-50.0,50,4228.241715
,-38.0,50,4229.878357
,-50.0,50,4231.513767
,-48.0,50,4233.143503
,-15.0,50,4234.778742
,-34.0,50,4236.44172
,-13.0,50,4238.107366
,-20.0,50,4239.718008
,-47.0,50,4241.409374
,-20.0,50,4243.008008
,-39.0,50,4244.69372
,-7.0,50,4246.292633
,-5.0,50,4247.922268
,-9.0,50,4249.586822
,-15.0,50,4251.230938
,-10.0,50,4252.873343
,-50.0,50,4254.495417
,-33.0,50,4256.170418
,-10.0,50,4257.775048
,-50.0,50,4259.429665
,-9.0,50,4261.056841
,-27.0,50,4262.724135
,-11.0,50,4264.347032
,-14.0,50,4265.992324
,-50.0,50,4267.639413
,-14.0,50,4269.309743
,-18.0,50,4270.907901
,-46.0,50,4272.591326
,-13.0,50,4274.250245
,-11.0,50,4275.858422
,-9.0,50,4277.55299
,-13.0,50,4279.161834
,-42.0,50,4280.844649
,-47.0,50,4282.48878
,-50.0,50,4284.106025
,-8.0,50,4285.761146
,-20.0,50,4287.361988
,-21.0,50,4289.036782
,-49.0,50,4290.644118
,-8.0,50,4292.365897
,-4.0,50,4292.65226
,-7.0,50,4292.942774
,-15.0,50,4293.217365
,-29.0,50,4293.539618
,-10.0,50,4293.805105
,-8.0,50,4294.086879
,-11.0,50,4294.349765
,-11.0,50,4294.691938
,-9.0,50,4294.976815
,-14.0,50,4295.272253
,-32.0,50,4296.90029
,-10.0,50,4298.558394
,-50.0,50,4300.222423
,-46.0,50,4301.857172
,-45.0,50,4303.471686
,-25.0,50,4305.170812
,-43.0,50,4306.836439
,-45.0,50,4308.441961
,-17.0,50,4310.119914
,-28.0,50,4311.734305
,-12.0,50,4313.386036
,-50.0,50,4315.018593
,-27.0,50,4316.645831
,-50.0,50,4318.299085
,-17.0,50,4319.957158
,-30.0,50,4321.576632
,-23.0,50,4323.247251
,-36.0,50,4324.906531
,-39.0,50,4326.507297
,-50.0,50,4328.171833
,-42.0,50,4329.842802
,-28.0,50,4331.481135
,-14.0,50,4333.124419
,-8.0,50,4334.726526
,-48.0,50,4336.397662
,-50.0,50,4338.027754
,-9.0,50,4339.702993
,-21.0,50,4341.339877
,-47.0,50,4342.993572
,-46.0,50,4344.607262
,-9.0,50,4346.27499
,-16.0,50,4347.901313
,-25.0,50,4349.540831
,-33.0,50,4351.215711
,-50.0,50,4352.849871
,-50.0,50,4354.518524
,-20.0,50,4356.151591
,-50.0,50,4357.787924
,-23.0,50,4359.397598
,-45.0,50,4361.070763
,-42.0,50,4362.726206
,-24.0,50,4364.33731
,-7.0,50,4366.008535
,-50.0,50,4367.611949
,-15.0,50,4369.275941
,0.0,50,4370.901042
,-41.0,50,4372.568355
,-45.0,50,4374.164803
,-50.0,50,4375.806944
,-12.0,50,4377.484701
,-7.0,50,4377.740497
,-17.0,50,4378.031614
,-8.0,50,4378.301826
,-13.0,50,4378.609748
,-17.0,50,4378.940757
,-15.0,50,4379.226716
,-13.0,50,4379.505769
,-6.0,50,4379.801307
,-7.0,50,4380.111992
,-45.0,50,4380.422514
,-20.0,50,4382.047637
,-4.0,50,4383.712955
,0.0,50,4385.360239
,-50.0,50,4387.008747
,-8.0,50,4388.65013
,-50.0,50,4390.296916
,-42.0,50,4391.923754
,-10.0,50,4393.566358
,-48.0,50,4395.198311
,-44.0,50,4396.870059
,-18.0,50,4398.495204
,-32.0,50,4400.177517
,-47.0,50,4401.802349
,-39.0,50,4403.439253
,-50.0,50,4405.103862
,-50.0,50,4406.742443
,-50.0,50,4408.388327
,-50.0,50,4410.035983
,-42.0,50,4411.675564
,-20.0,50,4413.303287
,-50.0,50,4414.95297
,-40.0,50,4416.590058
,-24.0,50,4418.23403
,-26.0,50,4419.86894
,-47.0,50,4421.514826
,-43.0,50,4423.167429
,-27.0,50,4424.787345
,-43.0,50,4426.422117
,-50.0,50,4428.076813
,-45.0,50,4429.751292
,-32.0,50,4431.367093
,-16.0,50,4433.049592
,-20.0,50,4434.676004
,-14.0,50,4436.313933
,-12.0,50,4438.002434
,-17.0,50,4439.650756
,-34.0,50,4441.277975
,-35.0,50,4442.931046
,-50.0,50,4444.513915
,-9.0,50,4446.22787
,-50.0,50,4447.853827
,-50.0,50,4449.507205
,-48.0,50,4451.132564
,-13.0,50,4452.787443
,-5.0,50,4454.458753
,-47.0,50,4456.108747
,-25.0,50,4457.734079
,-50.0,50,4459.400068
,-17.0,50,4461.037037
,-15.0,50,4462.729348
,-15.0,50,4463.003489
,0.0,50,4463.234804
,-8.0,50,4463.509865
,-11.0,50,4463.777339
,0.0,50,4464.018126
,-12.0,50,4464.324804
,-3.0,50,4464.575439
,-10.0,50,4464.874153
,-6.0,50,4465.147624
,-5.0,50,4465.577561
,-50.0,50,4467.214719
,-6.0,50,4468.85305
,-21.0,50,4470.499607
,-22.0,50,4472.162007
,-50.0,50,4473.792877
,-44.0,50,4475.437272
,-50.0,50,4477.068949
,-45.0,50,4478.689693
,-11.0,50,4480.354882
,-22.0,50,4481.988284
,-39.0,50,4483.660232
,-37.0,50,4485.280889
,-46.0,50,4486.915461
,-25.0,50,4488.568172
,-42.0,50,4490.200542
,-16.0,50,4491.852563
,-13.0,50,4493.498351
,-13.0,50,4495.146239
,-28.0,50,4496.834339
,-50.0,50,4498.497279
,-26.0,50,4500.139674
,-4.0,50,4501.771442
,-26.0,50,4503.39219
,-47.0,50,4505.029261
,-50.0,50,4506.665671
,-8.0,50,4508.289795
,-25.0,50,4509.961766
,-23.0,50,4511.586852
,-44.0,50,4513.254235
,-48.0,50,4514.900322
,-43.0,50,4516.543147
,-15.0,50,4518.153555
,-8.0,50,4519.809349
,-36.0,50,4521.419622
,-26.0,50,4523.071308
,-15.0,50,4524.733789
,-50.0,50,4526.353192
,-12.0,50,4528.043706
,-50.0,50,4529.644119
,-15.0,50,4531.3102
,-16.0,50,4532.948464
,-50.0,50,4534.599
,-50.0,50,4536.239334
,-50.0,50,4537.918227
,-26.0,50,4539.532778
,-15.0,50,4541.203102
,-50.0,50,4542.824026
,-43.0,50,4544.496251
,-29.0,50,4546.129549
,0.0,50,4547.808
,-11.0,50,4548.089221
,-4.0,50,4548.394799
,-4.0,50,4548.677122
,-7.0,50,4548.943669
,-10.0,50,4549.229774
,-16.0,50,4549.516559
,-15.0,50,4549.814483
,-5.0,50,4550.087519
,-8.0,50,4550.378629
,-21.0,50,4550.765941
,-17.0,50,4552.405115
,-16.0,50,4554.0716
,-50.0,50,4555.678726
,-24.0,50,4557.323675
,-14.0,50,4558.973047
,-14.0,50,4560.595079
,-35.0,50,4562.243464
,-32.0,50,4563.904814
,-20.0,50,4565.505278
,-30.0,50,4567.205669
,-22.0,50,4568.838084
,-40.0,50,4570.484487
,-36.0,50,4572.093936
,-33.0,50,4573.764523
,-20.0,50,4575.392951
,-18.0,50,4577.026373
,-37.0,50,4578.683273
,-45.0,50,4580.337632
,-46.0,50,4582.001996
,-50.0,50,4583.58657
,-47.0,50,4585.245084
,-40.0,50,4586.912049
,-28.0,50,4588.55175
,-28.0,50,4590.210561
,-17.0,50,4591.898482
,-13.0,50,4593.515951
,-39.0,50,4595.175224
,-37.0,50,4596.848652
,-10.0,50,4598.485436
,-31.0,50,4600.116211
,-21.0,50,4601.749096
,-48.0,50,4603.382798
,-12.0,50,4605.024026
,-15.0,50,4606.657205
,-37.0,50,4608.322129
,-45.0,50,4610.005839
,-50.0,50,4611.618915
,-37.0,50,4613.288496
,-46.0,50,4614.927835
,-29.0,50,4616.560873
,-34.0,50,4618.209597
,-50.0,50,4619.866302
,-24.0,50,4621.497817
,-18.0,50,4623.156661
,-18.0,50,4624.813646
,-13.0,50,4626.441776
,-19.0,50,4628.077899
,-50.0,50,4629.72933
,-30.0,50,4631.345452
,-14.0,50,4633.038071
,-11.0,50,4633.29172
,-12.0,50,4633.58281
,-5.0,50,4633.862607
,-8.0,50,4634.151679
,-7.0,50,4634.41364
,-17.0,50,4634.698432
,-12.0,50,4634.992711
,-10.0,50,4635.254835
,-10.0,50,4635.51704
,-46.0,50,4636.055331
,-12.0,50,4637.732428
,-18.0,50,4639.325758
,-42.0,50,4640.998517
,0.0,50,4642.656699
,-50.0,50,4644.294516
,-13.0,50,4645.946124
,-24.0,50,4647.588624
,-44.0,50,4649.218112
,-18.0,50,4650.841281
,-12.0,50,4652.511184
,-43.0,50,4654.182499
,-50.0,50,4655.790709
,-50.0,50,4657.461154
,-11.0,50,4659.096922
,-7.0,50,4660.713821
,-16.0,50,4662.403155
,-12.0,50,4664.05366
,-48.0,50,4665.694581
,-16.0,50,4667.31324
,-17.0,50,4668.92413
,-50.0,50,4670.610806
,-35.0,50,4672.231721
,-49.0,50,4673.852292
,-17.0,50,4675.540382
,-38.0,50,4677.154057
,-10.0,50,4678.799619
,-50.0,50,4680.421189
,-23.0,50,4682.124269
,-25.0,50,4683.720402
,-27.0,50,4685.355462
,-48.0,50,4687.049154
,-50.0,50,4688.659681
,-37.0,50,4690.32884
,-27.0,50,4691.939962
,-19.0,50,4693.604811
,-11.0,50,4695.262447
,-24.0,50,4696.898435
,-15.0,50,4698.536958
,-50.0,50,4700.177047
,-29.0,50,4701.78234
,-16.0,50,4703.433213
,-50.0,50,4705.06942
,-46.0,50,4706.774446
,-50.0,50,4708.395941
,-34.0,50,4710.035254
,-50.0,50,4711.66177
,-14.0,50,4713.320105
,-42.0,50,4714.94228
,-16.0,50,4716.583377
,-11.0,50,4718.271931
,-6.0,50,4718.541186
,-13.0,50,4718.814268
,-8.0,50,4719.093408
,-5.0,50,4719.369398
,-12.0,50,4719.63856
,-8.0,50,4719.929474
,-6.0,50,4720.223174
,-8.0,50,4720.464709
,-5.0,50,4720.763865
,-26.0,50,4721.175041
,-8.0,50,4722.79427
,0.0,50,4724.454653
,-20.0,50,4726.084316
,-40.0,50,4727.739563
,-20.0,50,4729.385141
,-50.0,50,4731.011136
,-4.0,50,4732.660805
,-50.0,50,4734.330289
,-50.0,50,4735.942838
,-37.0,50,4737.610631
,-35.0,50,4739.284914
,-50.0,50,4740.950954
,-22.0,50,4742.564095
,0.0,50,4744.210225
,-17.0,50,4745.853988
,-50.0,50,4747.531818
,-21.0,50,4749.157934
,-34.0,50,4750.778892
,-50.0,50,4752.413137
,-10.0,50,4754.092702
,-15.0,50,4755.713015
,-50.0,50,4757.339117
,-50.0,50,4758.958387
,-17.0,50,4760.646474
,-45.0,50,4762.285873
,-46.0,50,4763.959195
,-18.0,50,4765.589183
,-24.0,50,4767.234314
,-8.0,50,4768.849885
,-48.0,50,4770.505143
,0.0,50,4772.160167
,-10.0,50,4773.794734
,-28.0,50,4775.445858
,-32.0,50,4777.095597
,-18.0,50,4778.721922
,-50.0,50,4780.381933
,-46.0,50,4782.01045
,-19.0,50,4783.641286
,-35.0,50,4785.302596
,-47.0,50,4786.931303
,-6.0,50,4788.574058
,-9.0,50,4790.239059
,-13.0,50,4791.847323
,-16.0,50,4793.537758
,-34.0,50,4795.187533
,-39.0,50,4796.828272
,-12.0,50,4798.421087
,-50.0,50,4800.100855
,-15.0,50,4801.749026
,-40.0,50,4803.422919
,-18.0,50,4803.744681
,-7.0,50,4804.038217
,-15.0,50,4804.31907
,-12.0,50,4804.605519
,-3.0,50,4804.895949
,-8.0,50,4805.172331
,-8.0,50,4805.446899
,-7.0,50,4805.690197
,-13.0,50,4805.997002
,-41.0,50,4806.290197
,-41.0,50,4807.940982
,-46.0,50,4809.591911
,-50.0,50,4811.266619
,-43.0,50,4812.884541
,-45.0,50,4814.517899
,-19.0,50,4816.162031
,-50.0,50,4817.786013
,-50.0,50,4819.437255
,-50.0,50,4821.099822
,-17.0,50,4822.717368
,-19.0,50,4824.374748
,-25.0,50,4825.984554
,-24.0,50,4827.675436
,-25.0,50,4829.301812
,-50.0,50,4830.93868
,-45.0,50,4832.593642
,-40.0,50,4834.251452
,-50.0,50,4835.912897
,-50.0,50,4837.509057
,-17.0,50,4839.175839
,-50.0,50,4840.827209
,-9.0,50,4842.443621
,-9.0,50,4844.06966
,-14.0,50,4845.711241
,-47.0,50,4847.354006
,-37.0,50,4848.999674
,-11.0,50,4850.622301
,-37.0,50,4852.268321
,-50.0,50,4853.892937
,-16.0,50,4855.541786
,-42.0,50,4857.214185
,-12.0,50,4858.865775
,-50.0,50,4860.476972
,-26.0,50,4862.117875
,-43.0,50,4863.767934
,-24.0,50,4865.416972
,-50.0,50,4867.051527
,-48.0,50,4868.709598
,-13.0,50,4870.361376
,-42.0,50,4871.970959
,-24.0,50,4873.636212
,-50.0,50,4875.282516
,-22.0,50,4876.932513
,-39.0,50,4878.537793
,-24.0,50,4880.212015
,-23.0,50,4881.821614
,-50.0,50,4883.49439
,-30.0,50,4885.132299
,-22.0,50,4886.737497
,-8.0,50,4888.431623
,-7.0,50,4888.701804
,-9.0,50,4888.993341
,-7.0,50,4889.26121
,-7.0,50,4889.548403
,-9.0,50,4889.829977
,-12.0,50,4890.10339
,-4.0,50,4890.371739
,-8.0,50,4890.639272
,-6.0,50,4890.896915
,-47.0,50,4891.32644
,-50.0,50,4892.945935
,-50.0,50,4894.590701
,-10.0,50,4896.259104
,-50.0,50,4897.9025
,-50.0,50,4899.536924
,-50.0,50,4901.18648
,-50.0,50,4902.853822
,-46.0,50,4904.516106
,-36.0,50,4906.142611
,-22.0,50,4907.764471
,-50.0,50,4909.431042
,-33.0,50,4911.053996
,-43.0,50,4912.718162
,-47.0,50,4914.381278
,-19.0,50,4916.009879
,-13.0,50,4917.661711
,-50.0,50,4919.31029
,-12.0,50,4920.930943
,-45.0,50,4922.600716
,-12.0,50,4924.211199
,-25.0,50,4925.875937
,-50.0,50,4927.491448
,-29.0,50,4929.121056
,-50.0,50,4930.764316
,-28.0,50,4932.418039
,-50.0,50,4934.072102
,-49.0,50,4935.688992
,-10.0,50,4937.353541
,-23.0,50,4938.989909
,-50.0,50,4940.65277
,-36.0,50,4942.304189
,-16.0,50,4943.936449
,-23.0,50,4945.587598
,-39.0,50,4947.242323
,-11.0,50,4948.891231
,-13.0,50,4950.530813
,-46.0,50,4952.177394
,-12.0,50,4953.813618
,-50.0,50,4955.460815
,-20.0,50,4957.108886
,-26.0,50,4958.734386
,-33.0,50,4960.395708
,-23.0,50,4962.079882
,-47.0,50,4963.71874
,-45.0,50,4965.324562
,-50.0,50,4967.005996
,-19.0,50,4968.641969
,-10.0,50,4970.314662
,-21.0,50,4971.975807
,-9.0,50,4973.631506
,-7.0,50,4973.938675
,-17.0,50,4974.239008
,-5.0,50,4974.539902
,-6.0,50,4974.832189
,-8.0,50,4975.112051
,-6.0,50,4975.400329
,-22.0,50,4975.69529
,-5.0,50,4975.978794
,-11.0,50,4976.24847
,-44.0,50,4976.505506
,-47.0,50,4978.184341
,-50.0,50,4979.829761
,-24.0,50,4981.462256
,-50.0,50,4983.105756
,-27.0,50,4984.741489
,-49.0,50,4986.420666
,-50.0,50,4988.063178
,-35.0,50,4989.738666
,-7.0,50,4991.385934
,-50.0,50,4993.008682
,-50.0,50,4994.655506
,-18.0,50,4996.305235
,-15.0,50,4997.959496
,-36.0,50,4999.593463
,-50.0,50,5001.233659
,-50.0,50,5002.87459
,-50.0,50,5004.500027
,-50.0,50,5006.158651
,-14.0,50,5007.767143
,-21.0,50,5009.418095
,-26.0,50,5011.074977
,-47.0,50,5012.713917
,-24.0,50,5014.399369
,-13.0,50,5016.019245
,-50.0,50,5017.682551
,-31.0,50,5019.334093
,-29.0,50,5020.98557
,-50.0,50,5022.589035
,-15.0,50,5024.261425
,-45.0,50,5025.914201
,-38.0,50,5027.57059
,-50.0,50,5029.194606
,-50.0,50,5030.857061
,-50.0,50,5032.49355
,-50.0,50,5034.133171
,-36.0,50,5035.798303
,-50.0,50,5037.453645
,-50.0,50,5039.110999
,-46.0,50,5040.730153
,-39.0,50,5042.364169
,-31.0,50,5044.04135
,0.0,50,5045.682945
,-23.0,50,5047.351099
,-16.0,50,5048.944981
,-19.0,50,5050.621892
,-50.0,50,5052.273411
,-49.0,50,5053.951354
,-13.0,50,5055.56195
,-19.0,50,5057.251366
,-10.0,50,5058.880542
,0.0,50,5059.135071
,-7.0,50,5059.401879
,-6.0,50,5059.703162
,-11.0,50,5059.989529
,-12.0,50,5060.268448
,-5.0,50,5060.549423
,-15.0,50,5060.900374
,-14.0,50,5061.185233
,-46.0,50,5061.453143
,-50.0,50,5061.743872
,-50.0,50,5063.42076
,-12.0,50,5065.069734
,-39.0,50,5066.709784
,-13.0,50,5068.352862
,-17.0,50,5069.997294
,-50.0,50,5071.641657
,-41.0,50,5073.265019
,-50.0,50,5074.939075
,-35.0,50,5076.623359
,-34.0,50,5078.222255
,-50.0,50,5079.904281
,-16.0,50,5081.531711
,-47.0,50,5083.204124
,-30.0,50,5084.819145
,-48.0,50,5086.478827
,-50.0,50,5088.123861
,-17.0,50,5089.779647
,-50.0,50,5091.435959
,-12.0,50,5093.089247
,-50.0,50,5094.716435
,-40.0,50,5096.357391
,-20.0,50,5097.998037
,-19.0,50,5099.678693
,-29.0,50,5101.346671
,-50.0,50,5103.004714
,-47.0,50,5104.632624
,-46.0,50,5106.286322
,-6.0,50,5107.93436
,-44.0,50,5109.577452
,-15.0,50,5111.211496
,-44.0,50,5112.884278
,-25.0,50,5114.519415
,-17.0,50,5116.122812
,-50.0,50,5117.79657
,-50.0,50,5119.428477
,-17.0,50,5121.098763
,-33.0,50,5122.726683
,-31.0,50,5124.384013
,-47.0,50,5126.016018
,-50.0,50,5127.65229
