#{"t_start": 1581600578.2493517, "env_id": "FetchPush-v1"}
s,r,l,t
,-50.0,50,6.023892
,-50.0,50,7.972296
,-50.0,50,9.687851
,-50.0,50,11.43108
,-50.0,50,13.10293
,-50.0,50,14.808941
,-50.0,50,16.537171
,-50.0,50,18.211311
,-50.0,50,19.95903
,-50.0,50,21.675834
,-50.0,50,23.399338
,-50.0,50,25.099474
,-50.0,50,26.802546
,-50.0,50,28.522702
,-1.0,50,30.232408
,-50.0,50,31.940198
,-50.0,50,33.655429
,-50.0,50,35.373718
,-50.0,50,37.08603
,-50.0,50,38.801139
,-50.0,50,40.493238
,-50.0,50,42.22426
,-50.0,50,43.950503
,-50.0,50,45.61539
,-50.0,50,47.35551
,-50.0,50,49.069098
,-50.0,50,50.767335
,-50.0,50,52.464109
,-50.0,50,54.17093
,-50.0,50,55.870619
,-50.0,50,57.575181
,-50.0,50,59.336882
,-50.0,50,61.024872
,-50.0,50,62.732489
,-50.0,50,64.446741
,-50.0,50,66.131155
,-50.0,50,67.881975
,-50.0,50,69.580614
,-50.0,50,71.288654
,-50.0,50,73.005567
,-18.0,50,74.717352
,-50.0,50,76.424844
,-50.0,50,78.141829
,-50.0,50,79.843345
,-50.0,50,81.547916
,-50.0,50,83.277192
,-50.0,50,84.972452
,-50.0,50,86.702222
,0.0,50,88.412598
,0.0,50,90.139771
,-50.0,50,91.876714
,-50.0,50,92.145265
,-50.0,50,92.423398
,-50.0,50,92.698354
,-50.0,50,92.955762
,-50.0,50,93.200869
,-50.0,50,93.471315
,-50.0,50,93.729647
,-50.0,50,93.998446
,-50.0,50,94.285607
,-50.0,50,94.762859
,-50.0,50,96.455065
,-50.0,50,98.186667
,-50.0,50,99.909125
,-50.0,50,101.609573
,-50.0,50,103.332186
,-50.0,50,105.044367
,-50.0,50,106.776259
,-50.0,50,108.488971
,-50.0,50,110.19579
,-50.0,50,111.89315
,-50.0,50,113.588656
,-50.0,50,115.296976
,-50.0,50,117.040672
,-50.0,50,118.74559
,-50.0,50,120.483652
,-50.0,50,122.200803
,-50.0,50,123.913235
,-50.0,50,125.593291
,-50.0,50,127.319784
,-50.0,50,129.023922
,-50.0,50,130.744796
,-50.0,50,132.474292
,-50.0,50,134.188019
,-50.0,50,135.867596
,-50.0,50,137.587202
,-50.0,50,139.279398
,-50.0,50,141.035547
,-29.0,50,142.72056
,-50.0,50,144.44734
,-50.0,50,146.220412
,-50.0,50,147.937294
,-50.0,50,149.647418
,-50.0,50,151.338357
,-50.0,50,153.053984
,-50.0,50,154.738511
,-50.0,50,156.474662
,-50.0,50,158.183909
,-50.0,50,159.942734
,-50.0,50,161.635496
,-50.0,50,163.340155
,-50.0,50,165.054711
,-50.0,50,166.769716
,-50.0,50,168.509018
,-50.0,50,170.232196
,-50.0,50,171.920463
,-50.0,50,173.652385
,-50.0,50,175.382524
,-50.0,50,177.105371
,-50.0,50,178.825883
,-50.0,50,180.559133
,-50.0,50,180.829082
,-50.0,50,181.108735
,-50.0,50,181.414862
,-50.0,50,181.67546
,-50.0,50,181.953609
,-50.0,50,182.266388
,-50.0,50,182.53628
,-50.0,50,182.810353
,-50.0,50,183.05634
,-50.0,50,183.349187
,-50.0,50,185.104519
,-50.0,50,186.846112
,-50.0,50,188.528908
,-50.0,50,190.276598
,-50.0,50,192.031059
,-50.0,50,193.720762
,-50.0,50,195.456432
,-50.0,50,197.174556
,-50.0,50,198.911147
,-50.0,50,200.610661
,-50.0,50,202.348571
,-50.0,50,204.042239
,-50.0,50,205.790745
,-50.0,50,207.526793
,-50.0,50,209.234059
,-50.0,50,210.968695
,-50.0,50,212.691002
,-50.0,50,214.424926
,-50.0,50,216.098627
,0.0,50,217.863913
,-50.0,50,219.560123
,-50.0,50,221.309962
,-50.0,50,223.018141
,0.0,50,224.69903
,-50.0,50,226.446773
,-50.0,50,228.182592
,-50.0,50,229.891335
,-50.0,50,231.607976
,-50.0,50,233.316128
,-50.0,50,235.028751
,-50.0,50,236.815567
,-50.0,50,238.477122
,-50.0,50,240.280849
,-50.0,50,241.977541
,0.0,50,243.6813
,-50.0,50,245.423446
,-50.0,50,247.11674
,0.0,50,248.863344
,-50.0,50,250.569555
,-50.0,50,252.319784
,-50.0,50,254.054945
,-50.0,50,255.760031
,-50.0,50,257.484242
,-50.0,50,259.204731
,-50.0,50,260.927219
,-50.0,50,262.624493
,-50.0,50,264.36422
,-50.0,50,266.080881
,-50.0,50,267.809888
,-50.0,50,269.56389
,-50.0,50,269.834757
,-50.0,50,270.118754
,-50.0,50,270.396193
,-50.0,50,270.679361
,-50.0,50,270.952997
,-50.0,50,271.232665
,-50.0,50,271.501459
,0.0,50,271.773207
,-50.0,50,272.050594
,-50.0,50,272.437746
,-50.0,50,274.163854
,-50.0,50,275.872376
,-50.0,50,277.585157
,-50.0,50,279.278003
,-50.0,50,281.051393
,-50.0,50,282.736563
,-50.0,50,284.471558
,0.0,50,286.209618
,-50.0,50,287.903663
,-50.0,50,289.612973
,-50.0,50,291.32717
,-50.0,50,293.050304
,-50.0,50,294.748813
,-50.0,50,296.497886
,-8.0,50,298.218525
,-50.0,50,299.921008
,-50.0,50,301.671198
,-50.0,50,303.342761
,-50.0,50,305.098611
,-50.0,50,306.807338
,-50.0,50,308.526503
,-50.0,50,310.242069
,-50.0,50,311.952743
,-50.0,50,313.693589
,-50.0,50,315.396143
,-50.0,50,317.144873
,-50.0,50,318.8198
,-50.0,50,320.56515
,-50.0,50,322.286526
,-50.0,50,323.98579
,-8.0,50,325.72079
,-50.0,50,327.405636
,-50.0,50,329.179827
,0.0,50,330.868013
,-50.0,50,332.614806
,-50.0,50,334.36
,-50.0,50,336.059191
,-50.0,50,337.810521
,-50.0,50,339.485987
,0.0,50,341.22387
,-49.0,50,342.920972
,-50.0,50,344.699853
,-50.0,50,346.405252
,-50.0,50,348.100902
,-50.0,50,349.85536
,-50.0,50,351.62182
,-50.0,50,353.335039
,0.0,50,355.041445
,-50.0,50,356.726585
,-50.0,50,358.474869
,-50.0,50,358.720393
,-50.0,50,359.032601
,-50.0,50,359.340959
,-50.0,50,359.589565
,-50.0,50,359.890247
,-50.0,50,360.168694
,-50.0,50,360.478152
,-50.0,50,360.743729
,-50.0,50,361.01986
,-50.0,50,361.432831
,0.0,50,363.153564
,-50.0,50,364.864068
,-50.0,50,366.586038
,-50.0,50,368.312068
,0.0,50,370.047994
,-50.0,50,371.759347
,-50.0,50,373.498007
,-50.0,50,375.208684
,-50.0,50,376.944807
,-50.0,50,378.644353
,-50.0,50,380.361357
,-50.0,50,382.138539
,-50.0,50,383.831298
,-50.0,50,385.561882
,-50.0,50,387.291546
,-50.0,50,389.038725
,0.0,50,390.726274
,-50.0,50,392.460719
,-50.0,50,394.225453
,-5.0,50,395.914435
,-50.0,50,397.65641
,-50.0,50,399.370345
,-50.0,50,401.077237
,-50.0,50,402.800493
,-50.0,50,404.489614
,-50.0,50,406.277177
,-35.0,50,407.997362
,-50.0,50,409.729085
,-50.0,50,411.428983
,-50.0,50,413.160237
,-50.0,50,414.838451
,-50.0,50,416.596963
,-50.0,50,418.313207
,-50.0,50,420.049925
,-50.0,50,421.756203
,-50.0,50,423.51979
,0.0,50,425.207015
,-50.0,50,426.951442
,-50.0,50,428.654834
,-50.0,50,430.340223
,-50.0,50,432.138551
,-50.0,50,433.854917
,-50.0,50,435.563322
,0.0,50,437.331271
,-50.0,50,439.022828
,-50.0,50,440.796842
,-50.0,50,442.476227
,-50.0,50,444.248077
,-50.0,50,445.951254
,-50.0,50,447.669235
,-50.0,50,447.928923
,-50.0,50,448.200595
,0.0,50,448.490186
,0.0,50,448.76423
,-50.0,50,449.04245
,-50.0,50,449.332611
,-50.0,50,449.627403
,-50.0,50,449.892247
,-50.0,50,450.146911
,-50.0,50,450.58999
,-50.0,50,452.363168
,-50.0,50,454.051151
,-50.0,50,455.781737
,-50.0,50,457.477551
,-50.0,50,459.21357
,-50.0,50,460.952219
,0.0,50,462.683789
,-50.0,50,464.443626
,-50.0,50,466.148082
,-50.0,50,467.885905
,-50.0,50,469.625329
,-50.0,50,471.331914
,-50.0,50,473.073871
,-50.0,50,474.794732
,-50.0,50,476.515275
,-50.0,50,478.238318
,-50.0,50,479.95889
,-50.0,50,481.718998
,-50.0,50,483.430983
,-50.0,50,485.154529
,-50.0,50,486.902087
,-50.0,50,488.591413
,-50.0,50,490.339471
,-50.0,50,492.052663
,-50.0,50,493.770165
,-50.0,50,495.519257
,-50.0,50,497.199376
,-50.0,50,498.964574
,-50.0,50,500.665881
,-50.0,50,502.405714
,-50.0,50,504.144049
,-50.0,50,505.839553
,-50.0,50,507.595429
,-50.0,50,509.274535
,-50.0,50,510.994365
,0.0,50,512.746011
,-50.0,50,514.475828
,-50.0,50,516.173146
,-50.0,50,517.875093
,-50.0,50,519.60332
,-50.0,50,521.364171
,-50.0,50,523.103314
,-50.0,50,524.821393
,-50.0,50,526.557696
,-50.0,50,528.232089
,-50.0,50,529.975607
,-50.0,50,531.689618
,-50.0,50,533.434859
,-50.0,50,535.159841
,0.0,50,536.889618
,-50.0,50,537.157101
,-50.0,50,537.430612
,-50.0,50,537.691227
,-50.0,50,537.948251
,-50.0,50,538.217842
,0.0,50,538.479344
,-50.0,50,538.738566
,-50.0,50,539.003213
,0.0,50,539.270979
,-50.0,50,539.807868
,-50.0,50,541.553421
,-50.0,50,543.284374
,-50.0,50,544.996007
,-50.0,50,546.777888
,-50.0,50,548.510175
,-50.0,50,550.22525
,-50.0,50,551.94506
,-50.0,50,553.664348
,-50.0,50,555.388772
,-50.0,50,557.120954
,0.0,50,558.863662
,-50.0,50,560.570581
,-50.0,50,562.304267
,-50.0,50,564.023893
,-50.0,50,565.74481
,-50.0,50,567.501077
,-50.0,50,569.229371
,-50.0,50,570.935696
,-50.0,50,572.662893
,-50.0,50,574.413896
,0.0,50,576.122912
,-50.0,50,577.889113
,-25.0,50,579.592782
,-50.0,50,581.303496
,-50.0,50,583.070896
,-50.0,50,584.763219
,-50.0,50,586.500637
,-50.0,50,588.205769
,0.0,50,589.986659
,-50.0,50,591.685662
,-50.0,50,593.442168
,-50.0,50,595.18329
,-50.0,50,596.926719
,-50.0,50,598.645274
,-50.0,50,600.324453
,-50.0,50,602.084291
,-50.0,50,603.791558
,-50.0,50,605.517829
,-50.0,50,607.219183
,-50.0,50,608.9676
,-50.0,50,610.689376
,-50.0,50,612.413488
,-50.0,50,614.179694
,-50.0,50,615.907189
,-50.0,50,617.624152
,-50.0,50,619.373195
,-15.0,50,621.055698
,-50.0,50,622.797669
,-50.0,50,624.526888
,-10.0,50,626.289255
,-50.0,50,626.550404
,-50.0,50,626.799673
,-50.0,50,627.107254
,-50.0,50,627.382739
,0.0,50,627.675222
,-50.0,50,627.942127
,-50.0,50,628.198017
,-50.0,50,628.480504
,-50.0,50,628.767624
,-50.0,50,629.223205
,-50.0,50,630.934476
,-20.0,50,632.701163
,-50.0,50,634.429838
,-50.0,50,636.161811
,-50.0,50,637.89111
,-50.0,50,639.61808
,-50.0,50,641.356509
,-50.0,50,643.114619
,-50.0,50,644.809134
,0.0,50,646.529621
,0.0,50,648.285519
,-7.0,50,650.016759
,-50.0,50,651.705441
,-50.0,50,653.446394
,-50.0,50,655.141525
,-50.0,50,656.885436
,-50.0,50,658.595802
,-50.0,50,660.375241
,-50.0,50,662.082461
,-50.0,50,663.842864
,-50.0,50,665.567395
,-50.0,50,667.315298
,0.0,50,669.028674
,-50.0,50,670.732715
,-50.0,50,672.461037
,-50.0,50,674.208701
,-50.0,50,675.916394
,-50.0,50,677.672528
,-50.0,50,679.410939
,-50.0,50,681.106517
,0.0,50,682.878862
,-50.0,50,684.605246
,-50.0,50,686.330275
,-50.0,50,688.062983
,-50.0,50,689.78245
,-50.0,50,691.536685
,-50.0,50,693.229828
,-50.0,50,694.965225
,-50.0,50,696.724014
,-50.0,50,698.384434
,-50.0,50,700.121743
,-50.0,50,701.887905
,-50.0,50,703.6373
,-22.0,50,705.353924
,-50.0,50,707.066701
,-50.0,50,708.78613
,-50.0,50,710.499117
,-50.0,50,712.22723
,-50.0,50,713.981004
,-50.0,50,715.753571
,-50.0,50,716.024451
,-50.0,50,716.289325
,-50.0,50,716.564704
,-50.0,50,716.875042
,-50.0,50,717.124119
,-50.0,50,717.409743
,-4.0,50,717.691204
,-50.0,50,717.988946
,-50.0,50,718.28092
,0.0,50,718.696813
,-50.0,50,720.413786
,0.0,50,722.16194
,0.0,50,723.918268
,0.0,50,725.593097
,-50.0,50,727.339886
,-50.0,50,729.117273
,-7.0,50,730.830551
,-21.0,50,732.573752
,-42.0,50,734.274017
,-50.0,50,736.025801
,-50.0,50,737.741463
,0.0,50,739.450492
,-50.0,50,741.188503
,-48.0,50,742.944362
,-50.0,50,744.667701
,-50.0,50,746.346463
,-50.0,50,748.10174
,-48.0,50,749.842722
,-50.0,50,751.573863
,-50.0,50,753.309715
,-16.0,50,755.069425
,-50.0,50,756.767817
,-50.0,50,758.50712
,-50.0,50,760.222963
,-50.0,50,761.973056
,-50.0,50,763.677361
,-50.0,50,765.408746
,-50.0,50,767.127051
,-50.0,50,768.882545
,-50.0,50,770.630472
,-49.0,50,772.351898
,-50.0,50,774.054979
,-15.0,50,775.797838
,-50.0,50,777.480844
,-50.0,50,779.243078
,-9.0,50,780.974301
,-50.0,50,782.70332
,-50.0,50,784.419005
,0.0,50,786.157334
,-50.0,50,787.88403
,-50.0,50,789.63161
,-29.0,50,791.340532
,-50.0,50,793.082832
,-50.0,50,794.772775
,-50.0,50,796.494334
,-50.0,50,798.287745
,0.0,50,800.006097
,-50.0,50,801.752461
,-50.0,50,803.467486
,-50.0,50,805.215438
,-50.0,50,805.505479
,-50.0,50,805.793534
,-26.0,50,806.056539
,-50.0,50,806.348807
,-50.0,50,806.671588
,-50.0,50,806.965348
,-50.0,50,807.283865
,0.0,50,807.580473
,-50.0,50,807.847933
,-50.0,50,808.14272
,-20.0,50,809.855288
,-50.0,50,811.590536
,-50.0,50,813.275971
,-50.0,50,815.032057
,-50.0,50,816.759299
,-50.0,50,818.51307
,-50.0,50,820.264647
,-50.0,50,821.963402
,-50.0,50,823.688268
,-50.0,50,825.407835
,-46.0,50,827.161836
,-50.0,50,828.885608
,-50.0,50,830.598907
,-50.0,50,832.327294
,0.0,50,834.060011
,-50.0,50,835.785749
,-50.0,50,837.499161
,-50.0,50,839.208482
,-50.0,50,840.92969
,-6.0,50,842.662846
,-50.0,50,844.389748
,-50.0,50,846.091648
,-50.0,50,847.80002
,0.0,50,849.516963
,-50.0,50,851.285762
,-50.0,50,853.010146
,-50.0,50,854.748792
,-9.0,50,856.472775
,-50.0,50,858.182636
,-50.0,50,859.892145
,-50.0,50,861.633482
,-50.0,50,863.351682
,-50.0,50,865.08535
,-50.0,50,866.834076
,0.0,50,868.549491
,-50.0,50,870.281982
,-50.0,50,872.035027
,-22.0,50,873.762503
,-50.0,50,875.506125
,-50.0,50,877.205627
,-50.0,50,878.941097
,-16.0,50,880.659096
,-50.0,50,882.402667
,-47.0,50,884.115638
,-31.0,50,885.85313
,0.0,50,887.585209
,-50.0,50,889.353472
,-50.0,50,891.066607
,-31.0,50,892.812966
,-50.0,50,894.577256
,-50.0,50,894.878336
,-50.0,50,895.162641
,-50.0,50,895.453847
,-50.0,50,895.715074
,-50.0,50,895.98473
,-50.0,50,896.279533
,-50.0,50,896.547356
,-50.0,50,896.814513
,-50.0,50,897.084489
,-19.0,50,897.489322
,-50.0,50,899.218328
,-50.0,50,900.979224
,-14.0,50,902.685644
,-15.0,50,904.432833
,-50.0,50,906.139452
,0.0,50,907.881203
,0.0,50,909.649689
,-50.0,50,911.327602
,-19.0,50,913.086551
,-50.0,50,914.789064
,-50.0,50,916.558327
,-50.0,50,918.298409
,-50.0,50,919.98698
,-50.0,50,921.730519
,-18.0,50,923.472733
,-50.0,50,925.2359
,-50.0,50,926.947285
,-13.0,50,928.662721
,-8.0,50,930.415724
,-50.0,50,932.140867
,-43.0,50,933.878179
,-22.0,50,935.595837
,-50.0,50,937.308831
,-50.0,50,938.998205
,-29.0,50,940.757023
,-50.0,50,942.482505
,-50.0,50,944.227886
,-50.0,50,945.962557
,-50.0,50,947.688529
,-50.0,50,949.430537
,-50.0,50,951.160275
,-34.0,50,952.893354
,-50.0,50,954.600825
,-16.0,50,956.338381
,-50.0,50,958.034084
,-15.0,50,959.767159
,-50.0,50,961.540293
,-13.0,50,963.281461
,-50.0,50,964.962591
,-9.0,50,966.714755
,-50.0,50,968.418979
,0.0,50,970.14182
,-18.0,50,971.876137
,-44.0,50,973.584959
,-12.0,50,975.330625
,-50.0,50,977.03968
,-20.0,50,978.759226
,-13.0,50,980.505549
,-50.0,50,982.216248
,0.0,50,984.005906
,-9.0,50,984.274498
,0.0,50,984.539081
,-49.0,50,984.827122
,-30.0,50,985.084534
,-4.0,50,985.340492
,-7.0,50,985.65637
,-50.0,50,985.932958
,-8.0,50,986.195551
,-9.0,50,986.462523
,-23.0,50,986.864004
,-16.0,50,988.592969
,-50.0,50,990.318985
,-22.0,50,992.0868
,-50.0,50,993.763203
,-8.0,50,995.522752
,-50.0,50,997.243944
,-50.0,50,998.963233
,-10.0,50,1000.741193
,-37.0,50,1002.430598
,-22.0,50,1004.177444
,-50.0,50,1005.883811
,-50.0,50,1007.614462
,-4.0,50,1009.357833
,-14.0,50,1011.057984
,-8.0,50,1012.80275
,-50.0,50,1014.535977
,-11.0,50,1016.240084
,-50.0,50,1018.010939
,-19.0,50,1019.72665
,-50.0,50,1021.452302
,-19.0,50,1023.195255
,-28.0,50,1024.905291
,-16.0,50,1026.681649
,-50.0,50,1028.376853
,-50.0,50,1030.107953
,-25.0,50,1031.853958
,-50.0,50,1033.610396
,-50.0,50,1035.29532
,-11.0,50,1037.032345
,0.0,50,1038.744749
,-50.0,50,1040.480972
,-33.0,50,1042.244574
,-27.0,50,1043.972498
,-50.0,50,1045.674329
,-42.0,50,1047.438666
,0.0,50,1049.143671
,-37.0,50,1050.863247
,-21.0,50,1052.627707
,-41.0,50,1054.328836
,-38.0,50,1056.063158
,-18.0,50,1057.816285
,-50.0,50,1059.538206
,-50.0,50,1061.328979
,-16.0,50,1063.021042
,-50.0,50,1064.749549
,-10.0,50,1066.503412
,-50.0,50,1068.227161
,-12.0,50,1069.963903
,-41.0,50,1071.687495
,-8.0,50,1073.456497
,-13.0,50,1073.71384
,0.0,50,1073.979084
,-50.0,50,1074.264173
,-10.0,50,1074.555176
,-8.0,50,1074.850211
,-15.0,50,1075.157241
,-10.0,50,1075.437017
,-9.0,50,1075.731484
,-9.0,50,1076.00944
,-13.0,50,1076.310517
,-50.0,50,1078.023405
,-6.0,50,1079.812929
,-14.0,50,1081.540954
,-25.0,50,1083.24251
,-12.0,50,1084.959051
,-12.0,50,1086.695105
,-17.0,50,1088.428147
,-36.0,50,1090.184581
,-10.0,50,1091.927608
,-16.0,50,1093.691496
,-22.0,50,1095.399123
,-39.0,50,1097.135674
,-50.0,50,1098.846614
,-6.0,50,1100.541781
,-48.0,50,1102.299078
,-13.0,50,1104.039016
,-47.0,50,1105.812879
,-21.0,50,1107.539885
,-7.0,50,1109.246964
,-12.0,50,1110.975675
,-45.0,50,1112.700652
,-26.0,50,1114.447859
,-12.0,50,1116.17722
,-24.0,50,1117.940155
,-32.0,50,1119.667425
,-27.0,50,1121.367305
,-50.0,50,1123.111314
,-10.0,50,1124.794095
,-13.0,50,1126.540896
,-16.0,50,1128.272282
,-25.0,50,1130.031397
,-27.0,50,1131.730229
,-20.0,50,1133.472264
,-50.0,50,1135.208974
,-11.0,50,1136.921752
,-18.0,50,1138.682845
,-27.0,50,1140.400404
,-46.0,50,1142.128809
,-27.0,50,1143.878572
,-15.0,50,1145.613543
,-9.0,50,1147.352777
,-27.0,50,1149.064438
,-36.0,50,1150.838034
,-16.0,50,1152.54535
,-50.0,50,1154.252404
,-48.0,50,1156.003382
,-18.0,50,1157.687992
,-50.0,50,1159.452515
,-41.0,50,1161.193786
,-10.0,50,1162.897275
,-9.0,50,1163.174124
,-48.0,50,1163.458111
,-46.0,50,1163.756217
,-23.0,50,1164.030109
,-11.0,50,1164.304368
,-9.0,50,1164.595628
,-50.0,50,1164.883281
,-17.0,50,1165.144906
,-16.0,50,1165.424228
,-13.0,50,1165.877318
,-24.0,50,1167.571662
,-9.0,50,1169.33534
,-17.0,50,1171.050092
,-17.0,50,1172.800408
,-50.0,50,1174.513605
,-32.0,50,1176.275076
,-7.0,50,1177.999911
,0.0,50,1179.710739
,-47.0,50,1181.463087
,-17.0,50,1183.194148
,-21.0,50,1184.948306
,-10.0,50,1186.642834
,-37.0,50,1188.413631
,-16.0,50,1190.128005
,0.0,50,1191.828176
,-38.0,50,1193.554973
,-21.0,50,1195.303773
,-50.0,50,1197.054994
,-45.0,50,1198.771986
,-50.0,50,1200.508135
,-16.0,50,1202.222272
,-32.0,50,1203.959148
,-23.0,50,1205.664814
,-24.0,50,1207.374982
,-26.0,50,1209.142895
,-31.0,50,1210.877149
,-6.0,50,1212.616501
,-50.0,50,1214.370373
,-50.0,50,1216.045479
,-43.0,50,1217.836174
,0.0,50,1219.527098
,-18.0,50,1221.296685
,-15.0,50,1223.007167
,-45.0,50,1224.730138
,-35.0,50,1226.479225
,-15.0,50,1228.209532
,-32.0,50,1229.949944
,-46.0,50,1231.658987
,-17.0,50,1233.412807
,-8.0,50,1235.106614
,-42.0,50,1236.837727
,-33.0,50,1238.554765
,-23.0,50,1240.31435
,-18.0,50,1242.054095
,-50.0,50,1243.752149
,-29.0,50,1245.510453
,-15.0,50,1247.210388
,-13.0,50,1248.972803
,-26.0,50,1250.684562
,-14.0,50,1252.409909
,-14.0,50,1252.684954
,-7.0,50,1252.95996
,-15.0,50,1253.27927
,-13.0,50,1253.541665
,-13.0,50,1253.802382
,-13.0,50,1254.068654
,-10.0,50,1254.341034
,-13.0,50,1254.621528
,-14.0,50,1254.905053
,-21.0,50,1255.309811
,-38.0,50,1257.017383
,-12.0,50,1258.748713
,-37.0,50,1260.478048
,-34.0,50,1262.204998
,-25.0,50,1263.947019
,-24.0,50,1265.680517
,-9.0,50,1267.426196
,-3.0,50,1269.142683
,-12.0,50,1270.872162
,0.0,50,1272.545434
,-11.0,50,1274.317074
,-49.0,50,1276.044697
,-27.0,50,1277.788753
,-50.0,50,1279.533427
,-29.0,50,1281.22349
,-10.0,50,1283.035035
,-14.0,50,1284.739542
,-23.0,50,1286.491665
,-8.0,50,1288.220693
,-29.0,50,1289.931685
,-23.0,50,1291.652585
,-36.0,50,1293.386221
,-10.0,50,1295.126379
,-20.0,50,1296.852564
,-8.0,50,1298.536584
,-32.0,50,1300.285107
,-19.0,50,1302.00054
,-38.0,50,1303.709026
,-50.0,50,1305.489652
,-16.0,50,1307.196421
,-16.0,50,1308.914099
,-23.0,50,1310.661257
,-50.0,50,1312.41554
,-38.0,50,1314.126728
,-23.0,50,1315.853023
,-22.0,50,1317.599968
,-9.0,50,1319.306169
,-21.0,50,1321.066072
,-7.0,50,1322.794205
,-9.0,50,1324.510366
,-31.0,50,1326.241987
,-27.0,50,1327.993858
,-16.0,50,1329.70987
,-11.0,50,1331.4123
,-23.0,50,1333.166704
,-16.0,50,1334.867821
,-20.0,50,1336.60149
,-10.0,50,1338.333899
,-43.0,50,1340.03976
,0.0,50,1341.81215
,-8.0,50,1342.098622
,-13.0,50,1342.411216
,-12.0,50,1342.703035
,-39.0,50,1342.983351
,-7.0,50,1343.263387
,-11.0,50,1343.558944
,-18.0,50,1343.843721
,-10.0,50,1344.141262
,-10.0,50,1344.409809
,-11.0,50,1344.682559
,-17.0,50,1346.442999
,-25.0,50,1348.143709
,-37.0,50,1349.889494
,-23.0,50,1351.607774
,-32.0,50,1353.337116
,-31.0,50,1355.081302
,0.0,50,1356.778724
,-25.0,50,1358.495272
,-12.0,50,1360.249814
,-13.0,50,1361.944591
,-5.0,50,1363.685882
,-18.0,50,1365.373546
,-18.0,50,1367.109173
,-16.0,50,1368.831816
,-41.0,50,1370.561445
,-18.0,50,1372.283953
,-24.0,50,1374.009863
,-20.0,50,1375.74709
,-9.0,50,1377.473154
,-14.0,50,1379.212779
,-10.0,50,1380.943903
,-18.0,50,1382.657447
,-27.0,50,1384.369915
,-19.0,50,1386.144369
,-31.0,50,1387.82477
,-26.0,50,1389.578603
,-17.0,50,1391.301355
,0.0,50,1393.035691
,-44.0,50,1394.724185
,-48.0,50,1396.478735
,-15.0,50,1398.205267
,-28.0,50,1399.954031
,-50.0,50,1401.677699
,-16.0,50,1403.429086
,-20.0,50,1405.142442
,-23.0,50,1406.884529
,-26.0,50,1408.611471
,-40.0,50,1410.307311
,-15.0,50,1412.036315
,-31.0,50,1413.780978
,-11.0,50,1415.510786
,-17.0,50,1417.226364
,-28.0,50,1418.951485
,-40.0,50,1420.700706
,-12.0,50,1422.407761
,-32.0,50,1424.113904
,-13.0,50,1425.873997
,0.0,50,1427.594695
,-9.0,50,1429.305225
,-7.0,50,1431.014366
,-50.0,50,1431.294882
,-7.0,50,1431.578491
,-12.0,50,1431.878623
,-8.0,50,1432.142663
,-15.0,50,1432.420732
,-14.0,50,1432.691337
,-13.0,50,1432.968605
,-16.0,50,1433.232482
,-7.0,50,1433.506463
,-16.0,50,1433.902411
,-11.0,50,1435.647134
,-16.0,50,1437.370872
,-24.0,50,1439.11044
,-48.0,50,1440.844692
,-8.0,50,1442.529431
,-18.0,50,1444.291065
,-13.0,50,1446.009974
,-16.0,50,1447.727029
,-30.0,50,1449.478333
,-15.0,50,1451.190474
,-23.0,50,1452.907162
,-29.0,50,1454.626231
,-22.0,50,1456.372424
,-13.0,50,1458.084433
,-7.0,50,1459.799327
,-27.0,50,1461.574131
,-23.0,50,1463.269239
,-18.0,50,1465.027881
,-32.0,50,1466.771784
,-13.0,50,1468.448793
,-19.0,50,1470.213094
,-13.0,50,1471.95379
,-37.0,50,1473.656609
,-11.0,50,1475.392877
,-22.0,50,1477.130616
,-10.0,50,1478.852195
,-20.0,50,1480.543742
,-40.0,50,1482.322886
,-31.0,50,1484.031988
,-15.0,50,1485.726966
,-16.0,50,1487.477588
,-28.0,50,1489.199429
,0.0,50,1490.941103
,-9.0,50,1492.655651
,-38.0,50,1494.411612
,-47.0,50,1496.136
,-17.0,50,1497.864423
,-22.0,50,1499.594468
,-29.0,50,1501.378846
,-25.0,50,1503.086967
,-24.0,50,1504.794886
,-50.0,50,1506.56416
,-20.0,50,1508.298807
,-8.0,50,1510.056739
,-6.0,50,1511.765804
,-14.0,50,1513.47055
,-22.0,50,1515.250741
,-28.0,50,1516.994616
,-31.0,50,1518.716809
,-10.0,50,1520.450572
,-7.0,50,1520.726832
,-10.0,50,1521.00288
,-7.0,50,1521.26325
,-8.0,50,1521.522766
,-2.0,50,1521.792249
,-7.0,50,1522.085778
,-9.0,50,1522.355851
,-6.0,50,1522.622969
,-12.0,50,1522.901634
,-29.0,50,1523.216933
,-18.0,50,1524.963575
,-17.0,50,1526.694961
,-18.0,50,1528.441242
,-7.0,50,1530.157702
,-23.0,50,1531.852506
,-32.0,50,1533.614317
,-50.0,50,1535.35221
,-40.0,50,1537.03825
,-29.0,50,1538.779983
,-32.0,50,1540.488271
,-21.0,50,1542.190626
,0.0,50,1543.948709
,-12.0,50,1545.695405
,-6.0,50,1547.425467
,-7.0,50,1549.110983
,-25.0,50,1550.848281
,-23.0,50,1552.549194
,-28.0,50,1554.273587
,-20.0,50,1556.029902
,-23.0,50,1557.773497
,-21.0,50,1559.475791
,-26.0,50,1561.215212
,-13.0,50,1562.905924
,-15.0,50,1564.642072
,-13.0,50,1566.367833
,-26.0,50,1568.087862
,-28.0,50,1569.833249
,-27.0,50,1571.590371
,-10.0,50,1573.279337
,-19.0,50,1574.972568
,-15.0,50,1576.772187
,-34.0,50,1578.449897
,-16.0,50,1580.216322
,-10.0,50,1581.896158
,0.0,50,1583.62981
,-8.0,50,1585.368573
,-30.0,50,1587.109659
,-6.0,50,1588.835038
,-16.0,50,1590.552144
,0.0,50,1592.272961
,-21.0,50,1594.013707
,-11.0,50,1595.747344
,-18.0,50,1597.451151
,-29.0,50,1599.180992
,-15.0,50,1600.887479
,-10.0,50,1602.617141
,-19.0,50,1604.383098
,-22.0,50,1606.108366
,-18.0,50,1607.809751
,-5.0,50,1609.569706
,-10.0,50,1609.844032
,-13.0,50,1610.104321
,-50.0,50,1610.404475
,-12.0,50,1610.689432
,-11.0,50,1610.973562
,-7.0,50,1611.265338
,-10.0,50,1611.550382
,-6.0,50,1611.833005
,-9.0,50,1612.088725
,-12.0,50,1612.432201
,-41.0,50,1614.1557
,-24.0,50,1615.913264
,-10.0,50,1617.629012
,-41.0,50,1619.374927
,0.0,50,1621.110327
,-30.0,50,1622.865775
,-19.0,50,1624.571107
,-50.0,50,1626.298352
,-29.0,50,1627.996254
,-33.0,50,1629.730824
,-12.0,50,1631.440423
,-15.0,50,1633.186282
,-16.0,50,1634.929312
,0.0,50,1636.602541
,-15.0,50,1638.344052
,-24.0,50,1640.096214
,-24.0,50,1641.841588
,-24.0,50,1643.554297
,-14.0,50,1645.291331
,-24.0,50,1647.017519
,-16.0,50,1648.732759
,-24.0,50,1650.464252
,-14.0,50,1652.196404
,-21.0,50,1653.905195
,-19.0,50,1655.671286
,-22.0,50,1657.375433
,-49.0,50,1659.125381
,-27.0,50,1660.846907
,-13.0,50,1662.527359
,-6.0,50,1664.299267
,-24.0,50,1666.018327
,-39.0,50,1667.739922
,-24.0,50,1669.421255
,-24.0,50,1671.180321
,-26.0,50,1672.892157
,-18.0,50,1674.641128
,-26.0,50,1676.374312
,-17.0,50,1678.080494
,-17.0,50,1679.795149
,-15.0,50,1681.545031
,-12.0,50,1683.251211
,-4.0,50,1685.008217
,-36.0,50,1686.734352
,-18.0,50,1688.408309
,-19.0,50,1690.182782
,-12.0,50,1691.903091
,0.0,50,1693.639665
,-13.0,50,1695.338701
,-13.0,50,1697.073865
,-6.0,50,1698.826829
,-4.0,50,1699.087208
,-17.0,50,1699.357108
,-13.0,50,1699.650418
,-11.0,50,1699.935036
,0.0,50,1700.217253
,-11.0,50,1700.500711
,-10.0,50,1700.753619
,-4.0,50,1701.000702
,-5.0,50,1701.268124
,-23.0,50,1701.60805
,-16.0,50,1703.351751
,-30.0,50,1705.080648
,0.0,50,1706.814317
,-14.0,50,1708.543329
,-23.0,50,1710.284538
,-17.0,50,1711.995881
,-28.0,50,1713.743176
,-19.0,50,1715.528913
,-20.0,50,1717.228243
,-15.0,50,1718.944981
,-16.0,50,1720.665005
,-49.0,50,1722.365451
,0.0,50,1724.12364
,-13.0,50,1725.841882
,-13.0,50,1727.543969
,-21.0,50,1729.27598
,-15.0,50,1730.98493
,0.0,50,1732.744797
,-24.0,50,1734.452443
,-7.0,50,1736.177142
,0.0,50,1737.915852
,-20.0,50,1739.613911
,-46.0,50,1741.353647
,-13.0,50,1743.07089
,-24.0,50,1744.806974
,-35.0,50,1746.546426
,0.0,50,1748.276961
,-8.0,50,1750.005883
,-40.0,50,1751.70618
,-41.0,50,1753.443528
,-17.0,50,1755.16574
,-24.0,50,1756.890248
,-13.0,50,1758.607028
,-20.0,50,1760.34021
,-11.0,50,1762.057133
,-16.0,50,1763.791608
,-15.0,50,1765.527749
,-37.0,50,1767.246464
,-12.0,50,1768.955422
,-28.0,50,1770.687942
,-13.0,50,1772.42614
,-7.0,50,1774.150376
,-35.0,50,1775.858184
,-19.0,50,1777.620232
,-28.0,50,1779.314084
,-12.0,50,1781.075321
,-10.0,50,1782.776161
,-21.0,50,1784.519179
,-8.0,50,1786.24279
,-13.0,50,1788.000805
,-11.0,50,1788.279959
,-6.0,50,1788.550246
,-12.0,50,1788.821216
,-11.0,50,1789.112813
,-17.0,50,1789.38714
,-15.0,50,1789.662651
,-10.0,50,1789.934507
,-14.0,50,1790.215796
,-11.0,50,1790.471057
,-11.0,50,1790.802148
,-11.0,50,1792.493644
,-42.0,50,1794.269863
,-26.0,50,1795.991616
,-20.0,50,1797.682949
,-19.0,50,1799.423344
,-12.0,50,1801.157676
,-20.0,50,1802.883849
,-10.0,50,1804.630625
,-23.0,50,1806.309498
,-6.0,50,1808.040412
,-16.0,50,1809.762606
,-38.0,50,1811.485833
,-25.0,50,1813.249623
,-19.0,50,1814.975527
,-18.0,50,1816.692181
,-37.0,50,1818.399844
,-14.0,50,1820.181019
,-23.0,50,1821.911416
,-14.0,50,1823.5867
,-27.0,50,1825.340889
,-32.0,50,1827.106683
,-12.0,50,1828.784705
,-13.0,50,1830.531307
,-13.0,50,1832.225072
,0.0,50,1834.003061
,0.0,50,1835.723047
,-10.0,50,1837.436805
,-50.0,50,1839.146307
,-14.0,50,1840.885215
,-39.0,50,1842.600732
,-18.0,50,1844.345437
,-10.0,50,1846.076246
,-35.0,50,1847.825319
,-19.0,50,1849.527179
,0.0,50,1851.252515
,-27.0,50,1853.042603
,-14.0,50,1854.733332
,-16.0,50,1856.463571
,-32.0,50,1858.185756
,-9.0,50,1859.920909
,-14.0,50,1861.678223
,-19.0,50,1863.389244
,-3.0,50,1865.118936
,-13.0,50,1866.824218
,-13.0,50,1868.556581
,-18.0,50,1870.284858
,-13.0,50,1872.028447
,0.0,50,1873.760248
,-13.0,50,1875.454304
,-7.0,50,1877.203042
,-11.0,50,1877.477213
,-14.0,50,1877.730539
,0.0,50,1878.014447
,-7.0,50,1878.296153
,-10.0,50,1878.573064
,-8.0,50,1878.864015
,-15.0,50,1879.173023
,-12.0,50,1879.457545
,-6.0,50,1879.734602
,-15.0,50,1879.975045
,-24.0,50,1881.744796
,-11.0,50,1883.442152
,-11.0,50,1885.19455
,-13.0,50,1886.8917
,-20.0,50,1888.6061
,-17.0,50,1890.369776
,-20.0,50,1892.052601
,-15.0,50,1893.848008
,-21.0,50,1895.589094
,-31.0,50,1897.29852
,-12.0,50,1899.051164
,-8.0,50,1900.752065
,-40.0,50,1902.485905
,-30.0,50,1904.202031
,-25.0,50,1905.932695
,-19.0,50,1907.684724
,0.0,50,1909.43438
,-23.0,50,1911.165828
,-9.0,50,1912.853698
,-23.0,50,1914.591751
,-28.0,50,1916.341665
,-30.0,50,1918.063111
,-38.0,50,1919.783011
,-11.0,50,1921.510672
,-21.0,50,1923.259546
,-18.0,50,1924.970066
,-24.0,50,1926.711964
,-28.0,50,1928.413018
,-16.0,50,1930.139481
,-15.0,50,1931.885791
,-13.0,50,1933.613936
,-18.0,50,1935.320715
,-44.0,50,1937.085634
,-24.0,50,1938.790013
,-26.0,50,1940.511805
,-49.0,50,1942.250548
,-4.0,50,1943.965046
,-15.0,50,1945.688613
,-8.0,50,1947.40713
,-44.0,50,1949.126868
,-12.0,50,1950.872679
,-11.0,50,1952.624172
,-24.0,50,1954.352299
,0.0,50,1956.08213
,-15.0,50,1957.811538
,-16.0,50,1959.551574
,-8.0,50,1961.255551
,-8.0,50,1962.986581
,-45.0,50,1964.7192
,-8.0,50,1966.47051
,-5.0,50,1966.757894
,-7.0,50,1967.020633
,-7.0,50,1967.280081
,-13.0,50,1967.560742
,-12.0,50,1967.844287
,-9.0,50,1968.10163
,-6.0,50,1968.383856
,-14.0,50,1968.63267
,-11.0,50,1968.901173
,-9.0,50,1969.338475
,-7.0,50,1971.089101
,-11.0,50,1972.823114
,-9.0,50,1974.581814
,-11.0,50,1976.28613
,-5.0,50,1978.019017
,0.0,50,1979.757105
,0.0,50,1981.461001
,-12.0,50,1983.230731
,-9.0,50,1984.918435
,-23.0,50,1986.660942
,-16.0,50,1988.405887
,-18.0,50,1990.125128
,-18.0,50,1991.80286
,-12.0,50,1993.573223
,-15.0,50,1995.300922
,-22.0,50,1996.980444
,-18.0,50,1998.735949
,-45.0,50,2000.462603
,-38.0,50,2002.178668
,-6.0,50,2003.935825
,-14.0,50,2005.654483
,-40.0,50,2007.34974
,-17.0,50,2009.093593
,-13.0,50,2010.836877
,-23.0,50,2012.529855
,-11.0,50,2014.300594
,-19.0,50,2015.99472
,-13.0,50,2017.768322
,-10.0,50,2019.48695
,-33.0,50,2021.182833
,-10.0,50,2022.934532
,0.0,50,2024.643694
,-39.0,50,2026.388579
,-42.0,50,2028.10863
,-34.0,50,2029.828441
,-36.0,50,2031.572689
,-19.0,50,2033.298916
,-12.0,50,2035.046824
,-6.0,50,2036.735402
,-23.0,50,2038.473655
,0.0,50,2040.169241
,-18.0,50,2041.896552
,0.0,50,2043.640854
,-14.0,50,2045.36278
,-29.0,50,2047.082186
,-7.0,50,2048.805124
,0.0,50,2050.550075
,-27.0,50,2052.255933
,-16.0,50,2054.007843
,-8.0,50,2055.72247
,-10.0,50,2055.982678
,-9.0,50,2056.268528
,-10.0,50,2056.578046
,-14.0,50,2056.87211
,-19.0,50,2057.154114
,-8.0,50,2057.407782
,-8.0,50,2057.680495
,-14.0,50,2057.954191
,-11.0,50,2058.219972
,-28.0,50,2058.578354
,-20.0,50,2060.262773
,-30.0,50,2062.012997
,-8.0,50,2063.70634
,-20.0,50,2065.452847
,0.0,50,2067.220524
,-20.0,50,2068.966986
,-9.0,50,2070.651149
,-21.0,50,2072.408383
,-14.0,50,2074.120033
,-19.0,50,2075.875065
,0.0,50,2077.580339
,-28.0,50,2079.343059
,-22.0,50,2081.035856
,-10.0,50,2082.764761
,-34.0,50,2084.544767
,-10.0,50,2086.243249
,-8.0,50,2087.983708
,-36.0,50,2089.69669
,-15.0,50,2091.445099
,-13.0,50,2093.151337
,-13.0,50,2094.862838
,-25.0,50,2096.612055
,-26.0,50,2098.337237
,-16.0,50,2100.085394
,-22.0,50,2101.769972
,-10.0,50,2103.469037
,-13.0,50,2105.2353
,-29.0,50,2106.988849
,0.0,50,2108.70097
,-12.0,50,2110.396203
,-15.0,50,2112.148585
,-22.0,50,2113.909
,-19.0,50,2115.628879
,-28.0,50,2117.357507
,-16.0,50,2119.06007
,-17.0,50,2120.79093
,-8.0,50,2122.551004
,-19.0,50,2124.289686
,-19.0,50,2126.020472
,-14.0,50,2127.75473
,-13.0,50,2129.469192
,-26.0,50,2131.220904
,0.0,50,2132.955588
,-10.0,50,2134.647867
,-14.0,50,2136.376585
,-23.0,50,2138.173757
,-13.0,50,2139.892122
,-19.0,50,2141.600047
,-11.0,50,2143.316289
,-10.0,50,2145.048395
,-6.0,50,2145.316836
,-10.0,50,2145.598162
,-9.0,50,2145.892817
,-11.0,50,2146.160486
,-15.0,50,2146.426101
,-14.0,50,2146.705317
,0.0,50,2146.999119
,-13.0,50,2147.262932
,-15.0,50,2147.571803
,-21.0,50,2147.879611
,0.0,50,2149.62408
,-23.0,50,2151.348136
,-15.0,50,2153.102893
,-12.0,50,2154.789588
,-27.0,50,2156.54644
,-13.0,50,2158.254352
,-25.0,50,2159.999025
,-9.0,50,2161.700761
,0.0,50,2163.427635
,-18.0,50,2165.151824
,-45.0,50,2166.881974
,-10.0,50,2168.627063
,-20.0,50,2170.355804
,-48.0,50,2172.106997
,-9.0,50,2173.807235
,-11.0,50,2175.528898
,-17.0,50,2177.287729
,-29.0,50,2179.013828
,-23.0,50,2180.727776
,-22.0,50,2182.443835
,-20.0,50,2184.185778
,-24.0,50,2185.91891
,-13.0,50,2187.655322
,-12.0,50,2189.377835
,-17.0,50,2191.100914
,-19.0,50,2192.825185
,-14.0,50,2194.535507
,-22.0,50,2196.275074
,-13.0,50,2197.973608
,-16.0,50,2199.705897
,-37.0,50,2201.45067
,-8.0,50,2203.169196
,-17.0,50,2204.880123
,-8.0,50,2206.638914
,-11.0,50,2208.373706
,-9.0,50,2210.095779
,-4.0,50,2211.810013
,-9.0,50,2213.540709
,-12.0,50,2215.281883
,-16.0,50,2217.033077
,-21.0,50,2218.73697
,-28.0,50,2220.47646
,-11.0,50,2222.195224
,-23.0,50,2223.934582
,-29.0,50,2225.646834
,-42.0,50,2227.34798
,-14.0,50,2229.077761
,0.0,50,2230.795992
,-23.0,50,2232.493364
,-14.0,50,2234.25612
,-14.0,50,2234.522288
,-6.0,50,2234.779045
,-11.0,50,2235.061622
,-18.0,50,2235.334301
,-2.0,50,2235.604406
,-10.0,50,2235.873881
,-5.0,50,2236.138888
,-6.0,50,2236.441935
,-12.0,50,2236.736954
,-24.0,50,2237.086607
,-22.0,50,2238.782627
,-18.0,50,2240.528846
,-11.0,50,2242.246685
,0.0,50,2243.962279
,-13.0,50,2245.667623
,-13.0,50,2247.390688
,-20.0,50,2249.162179
,0.0,50,2250.860236
,-25.0,50,2252.623142
,-19.0,50,2254.3047
,-15.0,50,2256.050521
,-15.0,50,2257.793933
,0.0,50,2259.53496
,-7.0,50,2261.273153
,-13.0,50,2262.999497
,-21.0,50,2264.753279
,-18.0,50,2266.449896
,-8.0,50,2268.227597
,-13.0,50,2269.938281
,-18.0,50,2271.628763
,-7.0,50,2273.362045
,-25.0,50,2275.120561
,-7.0,50,2276.84967
,-12.0,50,2278.592879
,-9.0,50,2280.31459
,-22.0,50,2282.035743
,-20.0,50,2283.756969
,-23.0,50,2285.49184
,-11.0,50,2287.21561
,-34.0,50,2288.939277
,-10.0,50,2290.682936
,0.0,50,2292.413743
,-22.0,50,2294.184185
,-10.0,50,2295.916814
,-21.0,50,2297.633756
,-30.0,50,2299.335819
,-21.0,50,2301.099269
,-27.0,50,2302.82522
,-24.0,50,2304.570544
,-11.0,50,2306.257126
,-23.0,50,2307.995266
,-24.0,50,2309.749763
,-9.0,50,2311.491725
,-35.0,50,2313.223714
,-24.0,50,2314.931809
,-16.0,50,2316.691425
,-16.0,50,2318.384451
,-20.0,50,2320.132109
,-3.0,50,2321.862461
,-14.0,50,2323.628521
,-14.0,50,2323.882974
,-13.0,50,2324.165043
,0.0,50,2324.455441
,-10.0,50,2324.740069
,-18.0,50,2325.035952
,-12.0,50,2325.310295
,-6.0,50,2325.60524
,0.0,50,2325.869312
,-13.0,50,2326.139375
,-18.0,50,2326.436123
,-23.0,50,2328.20204
,-19.0,50,2329.92862
,0.0,50,2331.635064
,-31.0,50,2333.358
,-25.0,50,2335.085772
,-18.0,50,2336.802069
,-18.0,50,2338.517767
,-24.0,50,2340.231515
,-38.0,50,2341.970422
,-28.0,50,2343.707772
,-25.0,50,2345.470547
,-32.0,50,2347.168884
,-6.0,50,2348.928018
,-14.0,50,2350.643002
,0.0,50,2352.373081
,-17.0,50,2354.054746
,-18.0,50,2355.794608
,-17.0,50,2357.507867
,0.0,50,2359.255622
,-26.0,50,2360.959755
,-30.0,50,2362.693346
,-18.0,50,2364.425542
,-21.0,50,2366.169347
,-20.0,50,2367.860687
,-16.0,50,2369.59948
,-24.0,50,2371.348792
,-16.0,50,2373.075028
,-14.0,50,2374.783634
,-20.0,50,2376.541864
,-6.0,50,2378.244439
,-10.0,50,2379.942097
,-17.0,50,2381.676767
,-11.0,50,2383.427137
,-21.0,50,2385.158077
,-25.0,50,2386.867041
,0.0,50,2388.586959
,-6.0,50,2390.312285
,0.0,50,2392.049224
,-20.0,50,2393.805423
,-36.0,50,2395.554941
,-39.0,50,2397.262235
,-6.0,50,2398.987586
,-22.0,50,2400.729887
,-18.0,50,2402.467556
,-25.0,50,2404.212337
,-50.0,50,2405.94741
,-19.0,50,2407.674649
,-15.0,50,2409.384247
,-11.0,50,2411.152433
,-3.0,50,2412.88846
,-8.0,50,2413.15888
,-13.0,50,2413.432097
,-10.0,50,2413.714609
,-14.0,50,2413.993254
,-11.0,50,2414.258008
,-9.0,50,2414.534127
,-14.0,50,2414.819091
,-6.0,50,2415.083792
,-13.0,50,2415.370202
,-50.0,50,2415.664705
,-21.0,50,2417.372921
,-9.0,50,2419.170803
,0.0,50,2420.869896
,-15.0,50,2422.591869
,-11.0,50,2424.309839
,-30.0,50,2426.054476
,-16.0,50,2427.775067
,-19.0,50,2429.544864
,-44.0,50,2431.245189
,-21.0,50,2432.943074
,-11.0,50,2434.668609
,-41.0,50,2436.447734
,-33.0,50,2438.146998
,-23.0,50,2439.88639
,-14.0,50,2441.612371
,-28.0,50,2443.36314
,-12.0,50,2445.049433
,-18.0,50,2446.789733
,-45.0,50,2448.554499
,-11.0,50,2450.243206
,-6.0,50,2451.964347
,0.0,50,2453.708597
,-15.0,50,2455.439953
,-24.0,50,2457.164334
,-8.0,50,2458.929309
,-12.0,50,2460.603223
,-14.0,50,2462.337618
,-13.0,50,2464.091515
,-23.0,50,2465.823041
,-41.0,50,2467.536042
,-6.0,50,2469.28738
,-16.0,50,2471.024455
,-18.0,50,2472.724679
,-26.0,50,2474.486542
,-23.0,50,2476.234365
,-11.0,50,2477.943746
,-23.0,50,2479.671635
,-7.0,50,2481.398954
,-24.0,50,2483.156074
,-13.0,50,2484.848087
,-21.0,50,2486.577769
,-27.0,50,2488.357161
,-9.0,50,2490.049299
,-6.0,50,2491.806127
,-21.0,50,2493.52967
,-35.0,50,2495.236789
,-18.0,50,2496.964417
,-14.0,50,2498.716923
,-12.0,50,2500.426569
,-13.0,50,2502.128797
,0.0,50,2502.407342
,-10.0,50,2502.674405
,-5.0,50,2502.953166
,-8.0,50,2503.245373
,-10.0,50,2503.535001
,-7.0,50,2503.813001
,0.0,50,2504.092039
,-10.0,50,2504.376294
,-10.0,50,2504.63188
,-7.0,50,2505.006684
,-19.0,50,2506.749245
,-15.0,50,2508.482208
,-19.0,50,2510.233892
,-23.0,50,2511.940825
,-23.0,50,2513.689824
,-16.0,50,2515.40564
,-11.0,50,2517.144512
,-14.0,50,2518.854541
,-22.0,50,2520.590744
,-43.0,50,2522.285714
,0.0,50,2524.005167
,-17.0,50,2525.759465
,-14.0,50,2527.481286
,-11.0,50,2529.234658
,-19.0,50,2530.957363
,-4.0,50,2532.721013
,-10.0,50,2534.422606
,-14.0,50,2536.150273
,0.0,50,2537.873106
,-30.0,50,2539.601645
,0.0,50,2541.327206
,-9.0,50,2543.052501
,-11.0,50,2544.797157
,-50.0,50,2546.539939
,-16.0,50,2548.251579
,-14.0,50,2549.984304
,-11.0,50,2551.714058
,-37.0,50,2553.431695
,-17.0,50,2555.17491
,-30.0,50,2556.900537
,-14.0,50,2558.615218
,-18.0,50,2560.347524
,0.0,50,2562.074707
,-10.0,50,2563.840378
,-22.0,50,2565.55116
,-10.0,50,2567.287365
,-21.0,50,2569.003035
,0.0,50,2570.725773
,-11.0,50,2572.44071
,0.0,50,2574.183963
,-37.0,50,2575.911651
,-16.0,50,2577.667238
,-19.0,50,2579.369803
,-18.0,50,2581.115814
,-21.0,50,2582.838183
,0.0,50,2584.551163
,-10.0,50,2586.261061
,-49.0,50,2588.03838
,-28.0,50,2589.758588
,-6.0,50,2591.500707
,-11.0,50,2591.77323
,-25.0,50,2592.057564
,-10.0,50,2592.321366
,-8.0,50,2592.588819
,-3.0,50,2592.874727
,-5.0,50,2593.136535
,-12.0,50,2593.404274
,-11.0,50,2593.683017
,-5.0,50,2593.985245
,-19.0,50,2594.342918
,-17.0,50,2596.046575
,-21.0,50,2597.790159
,-6.0,50,2599.547269
,-10.0,50,2601.268594
,-18.0,50,2602.998991
,-23.0,50,2604.739969
,-21.0,50,2606.484041
,-33.0,50,2608.201334
,-16.0,50,2609.949083
,-12.0,50,2611.638587
,-11.0,50,2613.379144
,-24.0,50,2615.104423
,-30.0,50,2616.847305
,-21.0,50,2618.531921
,-32.0,50,2620.273994
,-7.0,50,2622.00609
,-17.0,50,2623.734564
,-16.0,50,2625.47472
,-9.0,50,2627.16073
,-14.0,50,2628.904176
,-17.0,50,2630.643753
,-18.0,50,2632.406129
,-10.0,50,2634.127137
,-19.0,50,2635.838417
,-21.0,50,2637.571071
,-9.0,50,2639.291665
,0.0,50,2640.99362
,-17.0,50,2642.7582
,-21.0,50,2644.445628
,-18.0,50,2646.199894
,-16.0,50,2647.930296
,-13.0,50,2649.682004
,-15.0,50,2651.406597
,-13.0,50,2653.096187
,-12.0,50,2654.833755
,-17.0,50,2656.554712
,-11.0,50,2658.327738
,-20.0,50,2660.029289
,-15.0,50,2661.746953
,-20.0,50,2663.47969
,-16.0,50,2665.201898
,-16.0,50,2666.922887
,-19.0,50,2668.674023
,-10.0,50,2670.365003
,-12.0,50,2672.108495
,-32.0,50,2673.837646
,-19.0,50,2675.608916
,0.0,50,2677.310451
,-30.0,50,2679.079648
,-12.0,50,2680.811548
,-11.0,50,2681.056302
,-16.0,50,2681.305448
,-7.0,50,2681.582171
,-13.0,50,2681.871299
,-7.0,50,2682.155825
,-15.0,50,2682.420083
,-9.0,50,2682.68071
,-10.0,50,2682.944525
,-14.0,50,2683.216165
,-26.0,50,2683.66967
,-16.0,50,2685.406665
,-5.0,50,2687.115338
,-12.0,50,2688.868815
,-25.0,50,2690.587918
,-33.0,50,2692.287277
,-11.0,50,2694.047251
,-23.0,50,2695.730041
,0.0,50,2697.502865
,-33.0,50,2699.19837
,-26.0,50,2700.937554
,-22.0,50,2702.67929
,0.0,50,2704.41788
,-15.0,50,2706.139384
,-17.0,50,2707.820138
,-29.0,50,2709.580899
,-12.0,50,2711.308467
,-20.0,50,2713.026459
,-11.0,50,2714.791307
,-25.0,50,2716.537059
,-15.0,50,2718.269622
,-11.0,50,2719.966123
,-10.0,50,2721.716801
,-13.0,50,2723.404695
,-11.0,50,2725.152485
,-11.0,50,2726.848241
,0.0,50,2728.618218
,0.0,50,2730.337595
,-16.0,50,2732.079357
,-13.0,50,2733.799881
,-17.0,50,2735.507731
,-15.0,50,2737.277087
,-16.0,50,2738.995689
,-13.0,50,2740.726441
,-19.0,50,2742.45459
,-12.0,50,2744.21769
,0.0,50,2745.915615
,-11.0,50,2747.663807
,-26.0,50,2749.393225
,-13.0,50,2751.12169
,-21.0,50,2752.859926
,-11.0,50,2754.581453
,-14.0,50,2756.343575
,-19.0,50,2758.05625
,-14.0,50,2759.795055
,-14.0,50,2761.54126
,-24.0,50,2763.247277
,-19.0,50,2764.988004
,-32.0,50,2766.724163
,-9.0,50,2768.427971
,-16.0,50,2770.214287
,-8.0,50,2770.471898
,-10.0,50,2770.746551
,0.0,50,2771.04484
,-8.0,50,2771.313856
,0.0,50,2771.569906
,-10.0,50,2771.83617
,-6.0,50,2772.107684
,-14.0,50,2772.367844
,-6.0,50,2772.663698
,-24.0,50,2773.041962
,-38.0,50,2774.75075
,-22.0,50,2776.489975
,-22.0,50,2778.213321
,-5.0,50,2779.956155
,-35.0,50,2781.685265
,-22.0,50,2783.393927
,-24.0,50,2785.159488
,-11.0,50,2786.914081
,-11.0,50,2788.611613
,-12.0,50,2790.321208
,-10.0,50,2792.041761
,-27.0,50,2793.754183
,-25.0,50,2795.499749
,-18.0,50,2797.264365
,-9.0,50,2798.992433
,-32.0,50,2800.722733
,-11.0,50,2802.454206
,-15.0,50,2804.187042
,-12.0,50,2805.881582
,0.0,50,2807.605673
,-28.0,50,2809.341467
,-22.0,50,2811.110843
,-11.0,50,2812.816403
,-9.0,50,2814.559212
,0.0,50,2816.257085
,-11.0,50,2818.02189
,-24.0,50,2819.725732
,-11.0,50,2821.491056
,-15.0,50,2823.193788
,-16.0,50,2824.952322
,-19.0,50,2826.686113
,-8.0,50,2828.455151
,-15.0,50,2830.170642
,-33.0,50,2831.872606
,-8.0,50,2833.633001
,-24.0,50,2835.349365
,-17.0,50,2837.063177
,-11.0,50,2838.806705
,-12.0,50,2840.506067
,-15.0,50,2842.247111
,-6.0,50,2843.971624
,0.0,50,2845.697034
,-7.0,50,2847.436874
,-16.0,50,2849.186
,-26.0,50,2850.928164
,-24.0,50,2852.630194
,-33.0,50,2854.373339
,-15.0,50,2856.113928
,-12.0,50,2857.827444
,-6.0,50,2859.576181
,-16.0,50,2859.85253
,-9.0,50,2860.119025
,-13.0,50,2860.378438
,-6.0,50,2860.637012
,-7.0,50,2860.918235
,-47.0,50,2861.215813
,-12.0,50,2861.464794
,-11.0,50,2861.718575
,-11.0,50,2861.98318
,-17.0,50,2862.438078
,-8.0,50,2864.176619
,-7.0,50,2865.86939
,-16.0,50,2867.605783
,-17.0,50,2869.320302
,-11.0,50,2871.06997
,-7.0,50,2872.807603
,-9.0,50,2874.525022
,-39.0,50,2876.247934
,-14.0,50,2878.010453
,-13.0,50,2879.721923
,-11.0,50,2881.460732
,-13.0,50,2883.185536
,-17.0,50,2884.950342
,-19.0,50,2886.682571
,-14.0,50,2888.397516
,0.0,50,2890.137016
,-29.0,50,2891.821328
,-21.0,50,2893.590613
,-19.0,50,2895.29821
,-18.0,50,2897.036334
,-8.0,50,2898.752923
,-12.0,50,2900.476676
,-13.0,50,2902.220663
,-26.0,50,2903.962351
,-11.0,50,2905.646691
,-15.0,50,2907.419953
,-13.0,50,2909.13803
,-12.0,50,2910.862294
,-12.0,50,2912.579034
,-13.0,50,2914.330238
,-20.0,50,2916.058586
,-16.0,50,2917.801058
,-26.0,50,2919.523057
,-7.0,50,2921.218229
,-28.0,50,2922.952637
,-14.0,50,2924.67945
,-24.0,50,2926.374141
,-19.0,50,2928.127286
,-6.0,50,2929.855298
,-28.0,50,2931.572149
,-15.0,50,2933.307953
,-18.0,50,2935.055718
,-8.0,50,2936.794652
,-27.0,50,2938.517169
,-26.0,50,2940.250573
,-15.0,50,2941.971489
,-8.0,50,2943.686335
,-17.0,50,2945.45337
,-13.0,50,2947.157836
,0.0,50,2948.912109
,-11.0,50,2949.177935
,-9.0,50,2949.450997
,-9.0,50,2949.719588
,-9.0,50,2949.977085
,-11.0,50,2950.258078
,-7.0,50,2950.502418
,-7.0,50,2950.78759
,-8.0,50,2951.037677
,-5.0,50,2951.329972
,-29.0,50,2951.737998
,-15.0,50,2953.479973
,-17.0,50,2955.173223
,-44.0,50,2956.935697
,-11.0,50,2958.691548
,-14.0,50,2960.378105
,-2.0,50,2962.176229
,-15.0,50,2963.89298
,-9.0,50,2965.634155
,-13.0,50,2967.38465
,-15.0,50,2969.099153
,-28.0,50,2970.80743
,-19.0,50,2972.519861
,-28.0,50,2974.241446
,-10.0,50,2976.015114
,-14.0,50,2977.722379
,-8.0,50,2979.463404
,-24.0,50,2981.189797
,-15.0,50,2982.940038
,-17.0,50,2984.667552
,-10.0,50,2986.368279
,-11.0,50,2988.121297
,-6.0,50,2989.847765
,-12.0,50,2991.579848
,-23.0,50,2993.301629
,-13.0,50,2995.035392
,-19.0,50,2996.78678
,-30.0,50,2998.494743
,-7.0,50,3000.252387
,-18.0,50,3001.972517
,-27.0,50,3003.694193
,0.0,50,3005.437097
,-46.0,50,3007.16815
,-28.0,50,3008.89199
,-23.0,50,3010.592502
,-10.0,50,3012.299202
,-35.0,50,3014.060856
,-13.0,50,3015.789475
,-12.0,50,3017.520893
,-22.0,50,3019.244014
,-19.0,50,3021.048573
,-17.0,50,3022.781614
,-44.0,50,3024.520223
,-28.0,50,3026.238015
,-26.0,50,3027.997989
,-11.0,50,3029.720576
,-16.0,50,3031.450133
,-19.0,50,3033.178631
,-9.0,50,3034.908991
,-13.0,50,3036.606689
,-13.0,50,3038.378043
,-6.0,50,3038.66526
,-8.0,50,3038.939113
,-9.0,50,3039.215997
,-12.0,50,3039.480194
,-9.0,50,3039.758475
,-6.0,50,3040.023293
,-6.0,50,3040.284052
,-9.0,50,3040.558807
,-5.0,50,3040.831662
,0.0,50,3041.242621
,-15.0,50,3042.964535
,-15.0,50,3044.726615
,-12.0,50,3046.430047
,-11.0,50,3048.156234
,-10.0,50,3049.917552
,-15.0,50,3051.641208
,-13.0,50,3053.399136
,-14.0,50,3055.101531
,-22.0,50,3056.836037
,-13.0,50,3058.570136
,-20.0,50,3060.317587
,-20.0,50,3062.071043
,-7.0,50,3063.788679
,-28.0,50,3065.545354
,-47.0,50,3067.271302
,-21.0,50,3068.990267
,-21.0,50,3070.737069
,-12.0,50,3072.483145
,-6.0,50,3074.183048
,-24.0,50,3075.949431
,-14.0,50,3077.681178
,-22.0,50,3079.398975
,-9.0,50,3081.120637
,-10.0,50,3082.87035
,-18.0,50,3084.58273
,0.0,50,3086.307883
,-4.0,50,3088.036736
,-16.0,50,3089.807804
,-46.0,50,3091.496722
,-17.0,50,3093.223919
,-15.0,50,3094.965577
,-9.0,50,3096.698377
,-21.0,50,3098.443973
,-26.0,50,3100.222032
,-12.0,50,3101.913021
,-15.0,50,3103.679245
,-8.0,50,3105.406242
,-10.0,50,3107.093715
,-29.0,50,3108.86709
,-17.0,50,3110.601886
,-24.0,50,3112.325246
,-24.0,50,3114.065652
,-12.0,50,3115.823803
,-11.0,50,3117.554171
,-21.0,50,3119.310516
,-13.0,50,3121.079458
,-13.0,50,3122.808336
,-17.0,50,3124.527259
,-24.0,50,3126.268451
,-9.0,50,3128.036449
,-13.0,50,3128.311903
,-5.0,50,3128.567334
,-10.0,50,3128.822558
,-11.0,50,3129.098133
,-11.0,50,3129.383291
,-9.0,50,3129.628573
,-5.0,50,3129.914391
,-12.0,50,3130.197568
,-15.0,50,3130.510113
,-20.0,50,3130.90162
,-26.0,50,3132.61805
,-18.0,50,3134.399998
,0.0,50,3136.104327
,-7.0,50,3137.86103
,0.0,50,3139.608891
,-23.0,50,3141.33559
,-15.0,50,3143.046898
,-32.0,50,3144.791933
,-17.0,50,3146.524255
,-18.0,50,3148.305711
,-9.0,50,3150.024103
,-12.0,50,3151.741307
,-30.0,50,3153.515158
,-17.0,50,3155.257914
,-9.0,50,3156.954614
,-13.0,50,3158.688892
,-25.0,50,3160.415053
,-10.0,50,3162.168218
,-30.0,50,3163.930893
,-36.0,50,3165.645547
,-10.0,50,3167.396691
,-42.0,50,3169.096965
,-32.0,50,3170.884429
,-14.0,50,3172.610117
,-21.0,50,3174.341452
,-13.0,50,3176.087955
,-10.0,50,3177.821912
,-16.0,50,3179.557656
,-17.0,50,3181.276798
,-14.0,50,3183.044483
,-27.0,50,3184.740457
,-29.0,50,3186.49813
,-12.0,50,3188.244043
,-16.0,50,3189.957937
,-23.0,50,3191.692259
,-17.0,50,3193.485478
,-25.0,50,3195.204326
,-16.0,50,3196.925724
,-33.0,50,3198.660575
,-26.0,50,3200.383948
,-34.0,50,3202.149678
,-25.0,50,3203.839171
,-19.0,50,3205.601228
,-29.0,50,3207.335081
,-12.0,50,3209.085754
,-22.0,50,3210.810701
,-10.0,50,3212.538152
,-23.0,50,3214.294508
,-20.0,50,3216.004514
,-11.0,50,3217.754805
,-15.0,50,3218.031566
,-6.0,50,3218.315482
,-9.0,50,3218.58891
,-10.0,50,3218.869611
,-10.0,50,3219.131687
,-7.0,50,3219.392066
,-11.0,50,3219.699843
,-9.0,50,3219.962509
,-6.0,50,3220.226934
,-24.0,50,3220.59933
,-11.0,50,3222.341247
,-47.0,50,3224.06269
,-9.0,50,3225.833767
,0.0,50,3227.539954
,0.0,50,3229.336684
,-22.0,50,3231.052299
,-17.0,50,3232.819146
,-18.0,50,3234.54811
,-15.0,50,3236.290166
,-34.0,50,3238.013521
,-24.0,50,3239.754411
,-25.0,50,3241.495858
,-27.0,50,3243.225152
,-8.0,50,3244.960624
,-37.0,50,3246.687948
,-9.0,50,3248.439206
,-11.0,50,3250.190351
,-10.0,50,3251.925578
,0.0,50,3253.682982
,-29.0,50,3255.382619
,-17.0,50,3257.155101
,-10.0,50,3258.886398
,-10.0,50,3260.616902
,-32.0,50,3262.368485
,-34.0,50,3264.130245
,-21.0,50,3265.851432
,-34.0,50,3267.613821
,0.0,50,3269.358034
,-15.0,50,3271.075083
,-18.0,50,3272.840395
,-8.0,50,3274.553702
,-12.0,50,3276.320856
,-15.0,50,3278.051297
,-8.0,50,3279.810815
,-16.0,50,3281.523417
,-27.0,50,3283.298151
,0.0,50,3284.985831
,-14.0,50,3286.746826
,-39.0,50,3288.50007
,-23.0,50,3290.207077
,0.0,50,3291.986053
,-23.0,50,3293.688024
,-8.0,50,3295.458405
,-9.0,50,3297.179784
,-2.0,50,3298.945962
,0.0,50,3300.682895
,-42.0,50,3302.388772
,-26.0,50,3304.167241
,-19.0,50,3305.874537
,-6.0,50,3307.627839
,-9.0,50,3307.924702
,-9.0,50,3308.194232
,-7.0,50,3308.480894
,-9.0,50,3308.771723
,-7.0,50,3309.038254
,-12.0,50,3309.308899
,-11.0,50,3309.572653
,-9.0,50,3309.860526
,0.0,50,3310.119309
,-14.0,50,3310.471002
,-22.0,50,3312.182115
,-50.0,50,3313.950848
,-18.0,50,3315.702047
,-10.0,50,3317.431654
,-12.0,50,3319.157599
,-18.0,50,3320.888537
,-12.0,50,3322.594531
,-24.0,50,3324.385014
,-23.0,50,3326.120594
,-11.0,50,3327.850647
,-18.0,50,3329.641527
,0.0,50,3331.345102
,-12.0,50,3333.098963
,-9.0,50,3334.812097
,-14.0,50,3336.587078
,-8.0,50,3338.338996
,-30.0,50,3340.025547
,-26.0,50,3341.805071
,-9.0,50,3343.552855
,0.0,50,3345.273838
,-20.0,50,3347.002622
,0.0,50,3348.762412
,-25.0,50,3350.504949
,-16.0,50,3352.235733
,-16.0,50,3353.997514
,-17.0,50,3355.729625
,-10.0,50,3357.452409
,-17.0,50,3359.214011
,-12.0,50,3360.968405
,-8.0,50,3362.692329
,-34.0,50,3364.474297
,-22.0,50,3366.198918
,-12.0,50,3367.954316
,-12.0,50,3369.729194
,-17.0,50,3371.429331
,-14.0,50,3373.198604
,-9.0,50,3374.952921
,-38.0,50,3376.646778
,-18.0,50,3378.407701
,-12.0,50,3380.131442
,-24.0,50,3381.887073
,-33.0,50,3383.63144
,-31.0,50,3385.341592
,-17.0,50,3387.100437
,-16.0,50,3388.84077
,-28.0,50,3390.600017
,-14.0,50,3392.325621
,-41.0,50,3394.061099
,-6.0,50,3395.81305
,-20.0,50,3397.61534
,-7.0,50,3397.871894
,-13.0,50,3398.158875
,0.0,50,3398.444906
,-7.0,50,3398.732778
,0.0,50,3399.039529
,-10.0,50,3399.305314
,-8.0,50,3399.567583
,-7.0,50,3399.827653
,0.0,50,3400.109999
,-8.0,50,3400.382589
,-15.0,50,3402.152739
,-17.0,50,3403.856289
,-21.0,50,3405.611015
,-20.0,50,3407.338074
,-29.0,50,3409.081313
,-11.0,50,3410.813281
,-21.0,50,3412.607231
,-43.0,50,3414.309065
,-12.0,50,3416.055046
,-22.0,50,3417.805944
,-12.0,50,3419.511006
,-44.0,50,3421.277054
,-37.0,50,3423.069812
,-26.0,50,3424.773926
,-15.0,50,3426.503457
,0.0,50,3428.257531
,-8.0,50,3429.998159
,-21.0,50,3431.780185
,-13.0,50,3433.503375
,-16.0,50,3435.263324
,-16.0,50,3437.032427
,-14.0,50,3438.764108
,-12.0,50,3440.508155
,-12.0,50,3442.22775
,-9.0,50,3444.003758
,-15.0,50,3445.733923
,-20.0,50,3447.478114
,-15.0,50,3449.227316
,0.0,50,3450.966305
,-17.0,50,3452.683363
,-23.0,50,3454.435896
,-13.0,50,3456.18123
,-31.0,50,3457.96732
,-20.0,50,3459.717934
,-29.0,50,3461.460323
,-24.0,50,3463.205466
,-11.0,50,3464.909826
,-1.0,50,3466.685206
,-17.0,50,3468.392627
,-26.0,50,3470.15802
,-13.0,50,3471.915267
,-6.0,50,3473.638862
,-17.0,50,3475.351616
,-12.0,50,3477.113925
,-16.0,50,3478.857566
,0.0,50,3480.582118
,0.0,50,3482.360859
,-17.0,50,3484.083043
,-20.0,50,3485.802283
,-5.0,50,3487.557197
,-8.0,50,3487.8508
,0.0,50,3488.146493
,-15.0,50,3488.410619
,-5.0,50,3488.683773
,-15.0,50,3488.958756
,-3.0,50,3489.248229
,-11.0,50,3489.523784
,-8.0,50,3489.81005
,0.0,50,3490.073365
,-13.0,50,3490.397594
,-15.0,50,3492.109592
,-2.0,50,3493.874
,-45.0,50,3495.622647
,-14.0,50,3497.333126
,-13.0,50,3499.058825
,-28.0,50,3500.813761
,-30.0,50,3502.54215
,-8.0,50,3504.317001
,-15.0,50,3506.073228
,-17.0,50,3507.817808
,-26.0,50,3509.557722
,-25.0,50,3511.306509
,-46.0,50,3513.052699
,-12.0,50,3514.799225
,-5.0,50,3516.527534
,-26.0,50,3518.300247
,-15.0,50,3520.014932
,-25.0,50,3521.743425
,-21.0,50,3523.48534
,-34.0,50,3525.240623
,-9.0,50,3527.006804
,-13.0,50,3528.759813
,0.0,50,3530.509346
,-25.0,50,3532.216121
,-11.0,50,3533.970944
,-22.0,50,3535.692719
,-17.0,50,3537.448693
,-36.0,50,3539.215901
,0.0,50,3540.919951
,-17.0,50,3542.670319
,-29.0,50,3544.43001
,-15.0,50,3546.19315
,-14.0,50,3547.960651
,-15.0,50,3549.66829
,-18.0,50,3551.408905
,-9.0,50,3553.149458
,-19.0,50,3554.892892
,-20.0,50,3556.635669
,-19.0,50,3558.384083
,-10.0,50,3560.130772
,-32.0,50,3561.909803
,-28.0,50,3563.642498
,0.0,50,3565.40834
,-20.0,50,3567.116884
,-15.0,50,3568.866605
,-30.0,50,3570.607045
,-22.0,50,3572.361122
,-12.0,50,3574.125494
,-10.0,50,3575.854655
,-6.0,50,3577.601817
,-9.0,50,3577.877501
,-10.0,50,3578.173828
,-5.0,50,3578.467661
,0.0,50,3578.747469
,-16.0,50,3579.042895
,-11.0,50,3579.326997
,-12.0,50,3579.582703
,-12.0,50,3579.847395
,-9.0,50,3580.097175
