#{"t_start": 1582799198.2586398, "env_id": "HandManipulateBlockFull-v0"}
s,r,l,t
,-100.0,100,6.337035
,-100.0,100,8.715863
,-100.0,100,10.800697
,-100.0,100,12.803624
,-100.0,100,14.858889
,-100.0,100,16.99147
,-100.0,100,19.054349
,-100.0,100,21.164425
,-100.0,100,23.199647
,-100.0,100,25.298078
,-100.0,100,27.50879
,-100.0,100,29.511279
,-100.0,100,31.575569
,-100.0,100,33.675945
,-100.0,100,35.796566
,-100.0,100,37.856779
,-100.0,100,39.930956
,-100.0,100,42.067751
,-100.0,100,44.173559
,-100.0,100,46.300165
,-100.0,100,48.40059
,-100.0,100,50.458019
,-100.0,100,52.677774
,-100.0,100,54.75499
,-100.0,100,56.79479
,-100.0,100,58.980669
,-100.0,100,60.954566
,-100.0,100,63.132938
,-100.0,100,65.283189
,-100.0,100,67.267184
,-100.0,100,69.407932
,-100.0,100,71.599594
,-100.0,100,73.59852
,-100.0,100,75.737805
,-100.0,100,77.835153
,-100.0,100,79.995427
,-100.0,100,82.049767
,-100.0,100,84.094005
,-100.0,100,86.312053
,-100.0,100,88.377666
,-100.0,100,90.517371
,-100.0,100,92.633769
,-100.0,100,94.826348
,-100.0,100,96.843564
,-100.0,100,98.957216
,-100.0,100,101.09993
,-100.0,100,103.188261
,-100.0,100,105.316497
,-100.0,100,107.428054
,-100.0,100,109.481013
,-100.0,100,111.679002
,-100.0,100,112.339365
,-100.0,100,112.995413
,-100.0,100,113.630675
,-100.0,100,114.270355
,-100.0,100,114.877554
,-100.0,100,115.566952
,-100.0,100,116.2036
,-100.0,100,116.877984
,-100.0,100,117.509557
,-100.0,100,118.460652
,-100.0,100,120.585945
,-100.0,100,122.720028
,-100.0,100,124.795354
,-100.0,100,126.971238
,-100.0,100,129.028656
,-100.0,100,131.186782
,-100.0,100,133.180737
,-100.0,100,135.498679
,-100.0,100,137.609184
,-100.0,100,139.67968
,-100.0,100,141.793578
,-100.0,100,143.910436
,-100.0,100,146.051141
,-100.0,100,148.11639
,-100.0,100,150.170779
,-100.0,100,152.337425
,-100.0,100,154.475114
,-100.0,100,156.581887
,-100.0,100,158.735895
,-100.0,100,160.78232
,-100.0,100,162.918278
,-100.0,100,165.002389
,-100.0,100,167.12295
,-100.0,100,169.244936
,-100.0,100,171.324539
,-100.0,100,173.461628
,-100.0,100,175.6366
,-100.0,100,177.707505
,-100.0,100,179.871269
,-100.0,100,181.911618
,-100.0,100,184.076729
,-100.0,100,186.196539
,-100.0,100,188.285728
,-100.0,100,190.444925
,-100.0,100,192.505504
,-100.0,100,194.591352
,-100.0,100,196.672238
,-100.0,100,198.7348
,-100.0,100,200.866294
,-100.0,100,203.048909
,-100.0,100,205.143761
,-100.0,100,207.309652
,-100.0,100,209.493711
,-100.0,100,211.501934
,-100.0,100,213.707055
,-100.0,100,215.71224
,-100.0,100,217.931973
,-100.0,100,219.987002
,-100.0,100,222.137856
,-100.0,100,224.284373
,-100.0,100,224.979511
,-100.0,100,225.606278
,-100.0,100,226.234206
,-100.0,100,226.897222
,-100.0,100,227.571328
,-100.0,100,228.238904
,-100.0,100,228.896374
,-100.0,100,229.57768
,-100.0,100,230.149506
,-100.0,100,230.958761
,-100.0,100,233.040664
,-100.0,100,235.211262
,-100.0,100,237.306897
,-100.0,100,239.4032
,-100.0,100,241.49351
,-100.0,100,243.5981
,-100.0,100,245.749113
,-100.0,100,247.884525
,-100.0,100,249.995834
,-100.0,100,252.148425
,-100.0,100,254.255101
,-100.0,100,256.419679
,-100.0,100,258.555861
,-100.0,100,260.699179
,-100.0,100,262.737558
,-100.0,100,264.926485
,-100.0,100,267.089378
,-100.0,100,269.210618
,-100.0,100,271.284311
,-100.0,100,273.378269
,-100.0,100,275.409257
,-100.0,100,277.501672
,-100.0,100,279.683763
,-100.0,100,281.823126
,-100.0,100,283.870317
,-100.0,100,285.965077
,-100.0,100,288.100569
,-100.0,100,290.222097
,-100.0,100,292.433004
,-100.0,100,294.46752
,-100.0,100,296.645347
,-100.0,100,298.723345
,-100.0,100,300.844491
,-100.0,100,302.963526
,-100.0,100,305.11544
,-100.0,100,307.17245
,-100.0,100,309.237715
,-100.0,100,311.404324
,-100.0,100,313.566111
,-100.0,100,315.661464
,-100.0,100,317.761008
,-100.0,100,319.830035
,-100.0,100,321.949852
,-100.0,100,324.096178
,-100.0,100,326.181772
,-100.0,100,328.356738
,-100.0,100,330.39062
,-100.0,100,332.629531
,-100.0,100,334.686524
,-100.0,100,336.860844
,-100.0,100,337.628061
,-100.0,100,338.318525
,-100.0,100,338.930483
,-100.0,100,339.541864
,-100.0,100,340.251827
,-100.0,100,340.954317
,-100.0,100,341.589993
,-100.0,100,342.241159
,-100.0,100,342.854421
,-100.0,100,343.492685
,-100.0,100,345.618549
,-100.0,100,347.763107
,-100.0,100,349.934397
,-100.0,100,352.019222
,-100.0,100,354.1127
,-100.0,100,356.238132
,-100.0,100,358.320315
,-100.0,100,360.522929
,-100.0,100,362.608315
,-100.0,100,364.736825
,-100.0,100,366.836892
,-100.0,100,368.973472
,-100.0,100,371.191626
,-100.0,100,373.246963
,-100.0,100,375.437874
,-100.0,100,377.532195
,-100.0,100,379.573957
,-100.0,100,381.660751
,-100.0,100,383.883941
,-100.0,100,385.997603
,-100.0,100,388.048201
,-100.0,100,390.291904
,-100.0,100,392.422424
,-100.0,100,394.487436
,-100.0,100,396.557073
,-100.0,100,398.761206
,-100.0,100,400.775419
,-100.0,100,403.000215
,-100.0,100,405.074728
,-100.0,100,407.17844
,-100.0,100,409.31962
,-100.0,100,411.433104
,-100.0,100,413.613914
,-100.0,100,415.706567
,-100.0,100,417.825678
,-100.0,100,419.953617
,-100.0,100,422.103606
,-100.0,100,424.18722
,-100.0,100,426.330587
,-100.0,100,428.444463
,-100.0,100,430.499118
,-100.0,100,432.623947
,-100.0,100,434.803655
,-100.0,100,436.939762
,-100.0,100,438.974763
,-100.0,100,441.141311
,-100.0,100,443.251273
,-100.0,100,445.412467
,-100.0,100,447.511393
,-100.0,100,449.624465
,-100.0,100,450.326415
,-100.0,100,451.000196
,-100.0,100,451.635373
,-100.0,100,452.239485
,-100.0,100,452.849933
,-100.0,100,453.520782
,-100.0,100,454.184793
,-100.0,100,454.893925
,-100.0,100,455.514627
,-100.0,100,456.265829
,-100.0,100,458.391015
,-100.0,100,460.505053
,-100.0,100,462.594861
,-100.0,100,464.772402
,-100.0,100,466.757966
,-100.0,100,468.919333
,-100.0,100,471.015775
,-100.0,100,473.197356
,-100.0,100,475.266741
,-100.0,100,477.422422
,-100.0,100,479.547638
,-100.0,100,481.639094
,-100.0,100,483.705256
,-100.0,100,485.844679
,-100.0,100,488.01648
,-100.0,100,490.167328
,-100.0,100,492.205155
,-100.0,100,494.432566
,-100.0,100,496.539384
,-100.0,100,498.704131
,-100.0,100,500.819186
,-100.0,100,502.967049
,-100.0,100,505.088732
,-100.0,100,507.165436
,-100.0,100,509.228829
,-100.0,100,511.444341
,-100.0,100,513.475022
,-100.0,100,515.717052
,-100.0,100,517.825768
,-100.0,100,519.971558
,-100.0,100,522.19509
,-100.0,100,524.25012
,-100.0,100,526.346616
,-100.0,100,528.486525
,-100.0,100,530.608124
,-100.0,100,532.752907
,-100.0,100,534.87259
,-100.0,100,536.911372
,-100.0,100,539.011273
,-100.0,100,541.163264
,-100.0,100,543.287523
,-100.0,100,545.476924
,-100.0,100,547.498637
,-100.0,100,549.694872
,-100.0,100,551.819613
,-100.0,100,553.934493
,-100.0,100,556.061941
,-100.0,100,558.150097
,-100.0,100,560.303878
,-100.0,100,562.380639
,-100.0,100,563.111567
,-100.0,100,563.739254
,-100.0,100,564.358658
,-100.0,100,564.969178
,-100.0,100,565.583031
,-100.0,100,566.169315
,-100.0,100,566.841291
,-100.0,100,567.49561
,-100.0,100,568.193757
,-100.0,100,569.064557
,-100.0,100,571.211279
,-100.0,100,573.415584
,-100.0,100,575.492149
,-100.0,100,577.660846
,-100.0,100,579.758117
,-100.0,100,581.923349
,-100.0,100,584.025284
,-100.0,100,586.09325
,-100.0,100,588.204496
,-100.0,100,590.425402
,-100.0,100,592.499236
,-100.0,100,594.614449
,-100.0,100,596.763879
,-100.0,100,598.918831
,-100.0,100,601.033803
,-100.0,100,603.112525
,-100.0,100,605.310631
,-100.0,100,607.405109
,-100.0,100,609.479518
,-100.0,100,611.622909
,-100.0,100,613.75009
,-100.0,100,615.818449
,-100.0,100,618.002969
,-100.0,100,620.120522
,-100.0,100,622.259207
,-100.0,100,624.356659
,-100.0,100,626.52897
,-100.0,100,628.661442
,-100.0,100,630.774451
,-100.0,100,632.909134
,-100.0,100,634.987473
,-100.0,100,637.074307
,-100.0,100,639.228491
,-100.0,100,641.363405
,-100.0,100,643.492071
,-100.0,100,645.605542
,-100.0,100,647.819572
,-100.0,100,649.92269
,-100.0,100,652.01084
,-100.0,100,654.136328
,-100.0,100,656.304559
,-100.0,100,658.415058
,-100.0,100,660.550911
,-100.0,100,662.654509
,-100.0,100,664.843612
,-100.0,100,666.968184
,-100.0,100,669.103326
,-100.0,100,671.235881
,-100.0,100,673.340753
,-100.0,100,675.501286
,-100.0,100,676.206017
,-100.0,100,676.827352
,-100.0,100,677.418606
,-100.0,100,678.110101
,-100.0,100,678.797982
,-100.0,100,679.41751
,-100.0,100,680.085323
,-100.0,100,680.800536
,-100.0,100,681.486086
,-100.0,100,682.184556
,-100.0,100,684.344994
,-100.0,100,686.373714
,-100.0,100,688.613833
,-100.0,100,690.734432
,-100.0,100,692.879391
,-100.0,100,694.938452
,-100.0,100,697.09594
,-100.0,100,699.328693
,-100.0,100,701.432167
,-100.0,100,703.503416
,-100.0,100,705.600805
,-100.0,100,707.804291
,-100.0,100,709.86894
,-100.0,100,712.066427
,-100.0,100,714.180086
,-100.0,100,716.295051
,-100.0,100,718.458596
,-100.0,100,720.548024
,-100.0,100,722.684068
,-100.0,100,724.746268
,-100.0,100,726.898225
,-100.0,100,729.02573
,-100.0,100,731.184865
,-100.0,100,733.267442
,-100.0,100,735.425448
,-100.0,100,737.571157
,-100.0,100,739.666334
,-100.0,100,741.745643
,-100.0,100,743.888802
,-100.0,100,746.06285
,-100.0,100,748.144861
,-100.0,100,750.22335
,-100.0,100,752.402507
,-100.0,100,754.453589
,-100.0,100,756.593431
,-100.0,100,758.660488
,-100.0,100,760.890003
,-100.0,100,762.986991
,-100.0,100,765.122927
,-100.0,100,767.301281
,-100.0,100,769.411885
,-100.0,100,771.529922
,-100.0,100,773.666485
,-100.0,100,775.828913
,-100.0,100,777.996747
,-100.0,100,780.181235
,-100.0,100,782.289516
,-100.0,100,784.384451
,-100.0,100,786.486536
,-100.0,100,788.677081
,-100.0,100,789.376822
,-100.0,100,789.967541
,-100.0,100,790.580199
,-100.0,100,791.233946
,-100.0,100,791.836097
,-100.0,100,792.447141
,-100.0,100,793.027379
,-100.0,100,793.696188
,-100.0,100,794.379578
,-100.0,100,795.449851
,-100.0,100,797.575906
,-100.0,100,799.705168
,-100.0,100,801.832072
,-100.0,100,803.928843
,-100.0,100,806.044913
,-100.0,100,808.223551
,-100.0,100,810.282425
,-100.0,100,812.456564
,-100.0,100,814.525586
,-100.0,100,816.646579
,-100.0,100,818.762175
,-100.0,100,820.842979
,-100.0,100,823.068758
,-100.0,100,825.127668
,-100.0,100,827.314913
,-100.0,100,829.431217
,-100.0,100,831.520439
,-100.0,100,833.659631
,-100.0,100,835.910903
,-100.0,100,838.000447
,-100.0,100,840.157413
,-100.0,100,842.253069
,-100.0,100,844.443341
,-100.0,100,846.529603
,-100.0,100,848.638524
,-100.0,100,850.766132
,-100.0,100,852.845796
,-100.0,100,855.040083
,-100.0,100,857.10989
,-100.0,100,859.256655
,-100.0,100,861.356429
,-100.0,100,863.495893
,-100.0,100,865.583631
,-100.0,100,867.717885
,-100.0,100,869.745294
,-100.0,100,871.990334
,-100.0,100,874.098048
,-100.0,100,876.218199
,-100.0,100,878.328223
,-100.0,100,880.454741
,-100.0,100,882.600907
,-100.0,100,884.67265
,-100.0,100,886.830384
,-100.0,100,889.008419
,-100.0,100,891.115325
,-100.0,100,893.281181
,-100.0,100,895.382442
,-100.0,100,897.51489
,-100.0,100,899.534916
,-100.0,100,901.817367
,-100.0,100,902.423115
,-100.0,100,903.03388
,-100.0,100,903.631719
,-100.0,100,904.253062
,-100.0,100,904.835464
,-100.0,100,905.463686
,-100.0,100,906.12481
,-100.0,100,906.726194
,-100.0,100,907.323025
,-100.0,100,908.34787
,-100.0,100,910.467664
,-100.0,100,912.602395
,-100.0,100,914.754868
,-100.0,100,916.94434
,-100.0,100,919.041343
,-100.0,100,921.121978
,-100.0,100,923.244415
,-100.0,100,925.389259
,-100.0,100,927.531563
,-100.0,100,929.770256
,-100.0,100,931.792453
,-100.0,100,933.990113
,-100.0,100,936.128054
,-100.0,100,938.243095
,-100.0,100,940.450608
,-100.0,100,942.504714
,-100.0,100,944.687511
,-100.0,100,946.787195
,-100.0,100,948.875891
,-100.0,100,951.019874
,-100.0,100,953.159641
,-100.0,100,955.306111
,-100.0,100,957.423321
,-100.0,100,959.593809
,-100.0,100,961.731061
,-100.0,100,963.879142
,-100.0,100,965.938462
,-100.0,100,968.12451
,-100.0,100,970.290955
,-100.0,100,972.422921
,-100.0,100,974.546717
,-100.0,100,976.805652
,-100.0,100,978.843847
,-100.0,100,981.02705
,-100.0,100,983.180067
,-100.0,100,985.276145
,-100.0,100,987.375355
,-100.0,100,989.589383
,-100.0,100,991.634597
,-100.0,100,993.785737
,-100.0,100,996.01789
,-100.0,100,998.134476
,-100.0,100,1000.254787
,-100.0,100,1002.378119
,-100.0,100,1004.472238
,-100.0,100,1006.621078
,-100.0,100,1008.810362
,-100.0,100,1010.909152
,-100.0,100,1013.100444
,-100.0,100,1015.233039
,-100.0,100,1015.824926
,-100.0,100,1016.50496
,-100.0,100,1017.193644
,-100.0,100,1017.919277
,-100.0,100,1018.600064
,-100.0,100,1019.243958
,-100.0,100,1019.829224
,-100.0,100,1020.480545
,-100.0,100,1021.194035
,-100.0,100,1021.892876
,-100.0,100,1023.956715
,-100.0,100,1026.19967
,-100.0,100,1028.361455
,-100.0,100,1030.528045
,-100.0,100,1032.5602
,-100.0,100,1034.695278
,-100.0,100,1036.836967
,-100.0,100,1038.944382
,-100.0,100,1041.112878
,-100.0,100,1043.190762
,-100.0,100,1045.407937
,-100.0,100,1047.554371
,-100.0,100,1049.750757
,-100.0,100,1051.904754
,-100.0,100,1054.071548
,-100.0,100,1056.167763
,-100.0,100,1058.211908
,-100.0,100,1060.325083
,-100.0,100,1062.48655
,-100.0,100,1064.748569
,-100.0,100,1066.870895
,-100.0,100,1069.032206
,-100.0,100,1071.146089
,-100.0,100,1073.214324
,-100.0,100,1075.338301
,-100.0,100,1077.492824
,-100.0,100,1079.657569
,-100.0,100,1081.767264
,-100.0,100,1083.949154
,-100.0,100,1086.033221
,-100.0,100,1088.253607
,-100.0,100,1090.321782
,-100.0,100,1092.530075
,-100.0,100,1094.557587
,-100.0,100,1096.750294
,-100.0,100,1098.867907
,-100.0,100,1100.926163
,-100.0,100,1103.163042
,-100.0,100,1105.293365
,-100.0,100,1107.512511
,-100.0,100,1109.673109
,-100.0,100,1111.715596
,-100.0,100,1113.865149
,-100.0,100,1116.032728
,-100.0,100,1118.13952
,-100.0,100,1120.351872
,-100.0,100,1122.459116
,-100.0,100,1124.5854
,-100.0,100,1126.73183
,-100.0,100,1128.954855
,-100.0,100,1129.557264
,-100.0,100,1130.180809
,-100.0,100,1130.871558
,-100.0,100,1131.499882
,-100.0,100,1132.154996
,-100.0,100,1132.7939
,-100.0,100,1133.449873
,-100.0,100,1134.15459
,-100.0,100,1134.794995
,-100.0,100,1135.61454
,-100.0,100,1137.81117
,-100.0,100,1140.06237
,-100.0,100,1142.104378
,-100.0,100,1144.258315
,-100.0,100,1146.452645
,-100.0,100,1148.64327
,-100.0,100,1150.80778
,-100.0,100,1152.880091
,-100.0,100,1155.027113
,-100.0,100,1157.145231
,-100.0,100,1159.245392
,-100.0,100,1161.426101
,-100.0,100,1163.557474
,-100.0,100,1165.685822
,-100.0,100,1167.823789
,-100.0,100,1169.978665
,-100.0,100,1172.114918
,-100.0,100,1174.262694
,-100.0,100,1176.458931
,-100.0,100,1178.585897
,-100.0,100,1180.729178
,-100.0,100,1182.936749
,-100.0,100,1185.053195
,-100.0,100,1187.194045
,-100.0,100,1189.330384
,-100.0,100,1191.393894
,-100.0,100,1193.497084
,-100.0,100,1195.696642
,-100.0,100,1197.77721
,-100.0,100,1199.969872
,-100.0,100,1202.065904
,-100.0,100,1204.199062
,-100.0,100,1206.371954
,-100.0,100,1208.498121
,-100.0,100,1210.587167
,-100.0,100,1212.750661
,-100.0,100,1214.964904
,-100.0,100,1217.114894
,-100.0,100,1219.110029
,-100.0,100,1221.24632
,-100.0,100,1223.379984
,-100.0,100,1225.579796
,-100.0,100,1227.669042
,-100.0,100,1229.806443
,-100.0,100,1231.997442
,-100.0,100,1234.097612
,-100.0,100,1236.304449
,-100.0,100,1238.436024
,-100.0,100,1240.550779
,-100.0,100,1242.808748
,-100.0,100,1243.452862
,-100.0,100,1244.113764
,-100.0,100,1244.819623
,-100.0,100,1245.478948
,-100.0,100,1246.166669
,-100.0,100,1246.775981
,-100.0,100,1247.428681
,-100.0,100,1248.025002
,-100.0,100,1248.625899
,-100.0,100,1249.507735
,-100.0,100,1251.650444
,-100.0,100,1253.759345
,-100.0,100,1255.857982
,-100.0,100,1258.114069
,-100.0,100,1260.211057
,-100.0,100,1262.426487
,-100.0,100,1264.52
,-100.0,100,1266.675077
,-100.0,100,1268.831375
,-100.0,100,1270.96562
,-100.0,100,1273.144039
,-100.0,100,1275.259175
,-100.0,100,1277.406368
,-100.0,100,1279.510077
,-100.0,100,1281.688588
,-100.0,100,1283.791466
,-100.0,100,1286.033373
,-100.0,100,1288.175059
,-100.0,100,1290.34499
,-100.0,100,1292.410605
,-100.0,100,1294.586316
,-100.0,100,1296.712793
,-100.0,100,1298.807755
,-100.0,100,1300.957613
,-100.0,100,1303.152378
,-100.0,100,1305.171889
,-100.0,100,1307.425574
,-100.0,100,1309.569861
,-100.0,100,1311.640262
,-100.0,100,1313.869099
,-100.0,100,1316.006945
,-100.0,100,1318.191543
,-100.0,100,1320.328264
,-100.0,100,1322.404122
,-100.0,100,1324.661236
,-100.0,100,1326.8018
,-100.0,100,1329.045493
,-100.0,100,1331.2161
,-100.0,100,1333.361911
,-100.0,100,1335.375849
,-100.0,100,1337.594195
,-100.0,100,1339.678699
,-100.0,100,1341.896511
,-100.0,100,1344.01173
,-100.0,100,1346.041929
,-100.0,100,1348.262997
,-100.0,100,1350.359997
,-100.0,100,1352.611237
,-100.0,100,1354.770707
,-100.0,100,1356.897125
,-100.0,100,1357.564364
,-100.0,100,1358.264461
,-100.0,100,1358.926648
,-100.0,100,1359.574785
,-100.0,100,1360.169952
,-100.0,100,1360.808791
,-100.0,100,1361.469732
,-100.0,100,1362.081095
,-100.0,100,1362.762249
,-100.0,100,1363.666405
,-100.0,100,1365.772977
,-100.0,100,1367.873594
,-100.0,100,1370.071063
,-100.0,100,1372.256524
,-100.0,100,1374.377722
,-100.0,100,1376.527965
,-100.0,100,1378.634765
,-100.0,100,1380.760655
,-100.0,100,1382.894545
,-100.0,100,1385.097134
,-100.0,100,1387.292542
,-100.0,100,1389.381164
,-100.0,100,1391.561127
,-100.0,100,1393.668769
,-100.0,100,1395.804987
,-100.0,100,1398.016649
,-100.0,100,1400.215116
,-100.0,100,1402.366698
,-100.0,100,1404.431009
,-100.0,100,1406.571152
,-100.0,100,1408.724379
,-100.0,100,1411.009445
,-100.0,100,1413.063306
,-100.0,100,1415.209667
,-100.0,100,1417.437506
,-100.0,100,1419.465272
,-100.0,100,1421.698998
,-100.0,100,1423.87536
,-100.0,100,1425.993559
,-100.0,100,1428.149639
,-100.0,100,1430.300962
,-100.0,100,1432.433038
,-100.0,100,1434.580936
,-100.0,100,1436.65452
,-100.0,100,1438.877193
,-100.0,100,1440.973809
,-100.0,100,1443.071334
,-100.0,100,1445.191041
,-100.0,100,1447.448853
,-100.0,100,1449.558605
,-100.0,100,1451.755357
,-100.0,100,1453.878485
,-100.0,100,1456.020746
,-100.0,100,1458.189922
,-100.0,100,1460.386489
,-100.0,100,1462.471565
,-100.0,100,1464.676063
,-100.0,100,1466.866928
,-100.0,100,1468.907127
,-100.0,100,1471.077446
,-100.0,100,1471.724285
,-100.0,100,1472.465656
,-100.0,100,1473.115676
,-100.0,100,1473.724329
,-100.0,100,1474.349168
,-100.0,100,1474.963357
,-100.0,100,1475.569236
,-100.0,100,1476.201531
,-100.0,100,1476.822477
,-100.0,100,1477.697598
,-100.0,100,1479.906126
,-100.0,100,1482.045329
,-100.0,100,1484.190348
,-100.0,100,1486.382247
,-100.0,100,1488.440118
,-100.0,100,1490.521266
,-100.0,100,1492.701636
,-100.0,100,1494.894301
,-100.0,100,1497.112075
,-100.0,100,1499.203605
,-100.0,100,1501.343117
,-100.0,100,1503.54307
,-100.0,100,1505.678404
,-100.0,100,1507.747052
,-100.0,100,1509.838435
,-100.0,100,1512.076578
,-100.0,100,1514.274257
,-100.0,100,1516.407848
,-100.0,100,1518.50471
,-100.0,100,1520.602594
,-100.0,100,1522.865774
,-100.0,100,1524.933368
,-100.0,100,1527.116741
,-100.0,100,1529.242604
,-100.0,100,1531.397341
,-100.0,100,1533.56128
,-100.0,100,1535.674477
,-100.0,100,1537.871061
,-100.0,100,1539.97379
,-100.0,100,1542.13129
,-100.0,100,1544.167919
,-100.0,100,1546.510271
,-100.0,100,1548.616153
,-100.0,100,1550.790473
,-100.0,100,1552.874043
,-100.0,100,1554.939535
,-100.0,100,1557.18445
,-100.0,100,1559.256668
,-100.0,100,1561.40321
,-100.0,100,1563.595808
,-100.0,100,1565.759319
,-100.0,100,1567.909376
,-100.0,100,1570.02683
,-100.0,100,1572.19009
,-100.0,100,1574.341484
,-100.0,100,1576.472748
,-100.0,100,1578.602407
,-100.0,100,1580.788955
,-100.0,100,1583.003242
,-100.0,100,1585.157237
,-100.0,100,1585.837515
,-100.0,100,1586.489461
,-100.0,100,1587.117961
,-100.0,100,1587.778291
,-100.0,100,1588.381006
,-100.0,100,1589.071228
,-100.0,100,1589.703121
,-100.0,100,1590.361762
,-100.0,100,1590.964913
,-100.0,100,1591.875556
,-100.0,100,1593.97757
,-100.0,100,1596.091564
,-100.0,100,1598.343982
,-100.0,100,1600.39393
,-100.0,100,1602.603098
,-100.0,100,1604.741667
,-100.0,100,1606.953672
,-100.0,100,1609.104997
,-100.0,100,1611.207445
,-100.0,100,1613.447326
,-100.0,100,1615.521321
,-100.0,100,1617.64896
,-100.0,100,1619.952642
,-100.0,100,1622.033908
,-100.0,100,1624.263645
,-100.0,100,1626.393985
,-100.0,100,1628.49494
,-100.0,100,1630.665334
,-100.0,100,1632.790428
,-100.0,100,1635.012906
,-100.0,100,1637.071093
,-100.0,100,1639.294823
,-100.0,100,1641.322723
,-100.0,100,1643.479596
,-100.0,100,1645.655632
,-100.0,100,1647.844023
,-100.0,100,1649.976712
,-100.0,100,1652.175257
,-100.0,100,1654.279007
,-100.0,100,1656.405239
,-100.0,100,1658.53365
,-100.0,100,1660.76691
,-100.0,100,1662.879618
,-100.0,100,1665.023356
,-100.0,100,1667.177194
,-100.0,100,1669.331631
,-100.0,100,1671.506088
,-100.0,100,1673.679601
,-100.0,100,1675.802963
,-100.0,100,1677.978028
,-100.0,100,1680.082987
,-100.0,100,1682.17198
,-100.0,100,1684.427149
,-100.0,100,1686.529263
,-100.0,100,1688.602196
,-100.0,100,1690.770558
,-100.0,100,1693.006476
,-100.0,100,1695.101693
,-100.0,100,1697.27308
,-100.0,100,1699.517581
,-100.0,100,1700.119839
,-100.0,100,1700.783749
,-100.0,100,1701.446194
,-100.0,100,1702.097622
,-100.0,100,1702.778669
,-100.0,100,1703.400862
,-100.0,100,1703.993317
,-100.0,100,1704.63015
,-100.0,100,1705.233198
,-100.0,100,1706.076378
,-100.0,100,1708.297082
,-100.0,100,1710.469198
,-100.0,100,1712.517792
,-100.0,100,1714.648278
,-100.0,100,1716.83986
,-100.0,100,1718.947448
,-100.0,100,1721.101178
,-100.0,100,1723.359654
,-100.0,100,1725.498399
,-100.0,100,1727.698138
,-100.0,100,1729.833475
,-100.0,100,1732.079436
,-100.0,100,1734.096251
,-100.0,100,1736.316588
,-100.0,100,1738.50351
,-100.0,100,1740.733511
,-100.0,100,1742.921284
,-100.0,100,1745.09515
,-100.0,100,1747.180916
,-100.0,100,1749.259816
,-100.0,100,1751.536238
,-100.0,100,1753.675831
,-100.0,100,1755.86854
,-100.0,100,1758.101736
,-100.0,100,1760.234782
,-100.0,100,1762.445586
,-100.0,100,1764.481157
,-100.0,100,1766.671367
,-100.0,100,1768.81097
,-100.0,100,1771.059388
,-100.0,100,1773.069499
,-100.0,100,1775.287339
,-100.0,100,1777.393752
,-100.0,100,1779.523318
,-100.0,100,1781.85367
,-100.0,100,1783.85736
,-100.0,100,1786.062295
,-100.0,100,1788.311165
,-100.0,100,1790.440541
,-100.0,100,1792.536266
,-100.0,100,1794.704208
,-100.0,100,1796.959702
,-100.0,100,1799.080055
,-100.0,100,1801.203832
,-100.0,100,1803.307418
,-100.0,100,1805.494899
,-100.0,100,1807.642015
,-100.0,100,1809.808146
,-100.0,100,1812.055717
,-100.0,100,1814.203387
,-100.0,100,1814.848478
,-100.0,100,1815.492403
,-100.0,100,1816.077237
,-100.0,100,1816.731987
,-100.0,100,1817.448684
,-100.0,100,1818.16742
,-100.0,100,1818.754775
,-100.0,100,1819.354647
,-100.0,100,1820.045478
,-100.0,100,1820.716484
,-100.0,100,1822.946371
,-100.0,100,1825.117318
,-100.0,100,1827.256857
,-100.0,100,1829.383307
,-100.0,100,1831.559466
,-100.0,100,1833.713703
,-100.0,100,1835.853764
,-100.0,100,1838.02018
,-100.0,100,1840.10668
,-100.0,100,1842.246922
,-100.0,100,1844.514973
,-100.0,100,1846.634585
,-100.0,100,1848.793447
,-100.0,100,1850.928689
,-100.0,100,1852.987544
,-100.0,100,1855.264418
,-100.0,100,1857.360649
,-100.0,100,1859.651034
,-100.0,100,1861.764043
,-100.0,100,1863.987284
,-100.0,100,1866.089557
,-100.0,100,1868.305155
,-100.0,100,1870.419029
,-100.0,100,1872.645053
,-100.0,100,1874.671503
,-100.0,100,1876.858114
,-100.0,100,1879.06613
,-100.0,100,1881.177474
,-100.0,100,1883.310941
,-100.0,100,1885.447627
,-99.0,100,1887.573069
,-100.0,100,1889.711115
,-100.0,100,1891.879795
,-100.0,100,1894.071399
,-100.0,100,1896.23632
,-100.0,100,1898.444948
,-100.0,100,1900.580882
,-100.0,100,1902.74129
,-100.0,100,1904.978168
,-100.0,100,1907.193043
,-100.0,100,1909.383595
,-100.0,100,1911.500059
,-100.0,100,1913.730819
,-100.0,100,1915.848805
,-100.0,100,1918.002486
,-100.0,100,1920.175227
,-100.0,100,1922.371575
,-100.0,100,1924.459721
,-100.0,100,1926.67331
,-100.0,100,1928.776218
,-100.0,100,1929.366897
,-100.0,100,1929.967225
,-100.0,100,1930.60343
,-100.0,100,1931.231871
,-100.0,100,1931.832692
,-100.0,100,1932.527274
,-100.0,100,1933.106165
,-100.0,100,1933.663522
,-100.0,100,1934.31954
,-100.0,100,1935.426978
,-100.0,100,1937.586928
,-100.0,100,1939.765767
,-100.0,100,1941.909541
,-100.0,100,1944.032765
,-100.0,100,1946.179871
,-100.0,100,1948.450991
,-100.0,100,1950.661074
,-100.0,100,1952.877492
,-100.0,100,1955.015367
,-100.0,100,1957.12214
,-100.0,100,1959.268531
,-100.0,100,1961.641396
,-100.0,100,1963.781891
,-100.0,100,1965.874642
,-100.0,100,1968.050151
,-100.0,100,1970.21096
,-100.0,100,1972.355662
,-100.0,100,1974.400151
,-100.0,100,1976.577779
,-100.0,100,1978.818838
,-100.0,100,1981.036154
,-100.0,100,1983.193169
,-100.0,100,1985.306808
,-100.0,100,1987.413414
,-100.0,100,1989.628271
,-100.0,100,1991.830904
,-100.0,100,1993.986863
,-100.0,100,1996.180702
,-100.0,100,1998.319235
,-100.0,100,2000.528557
,-100.0,100,2002.770688
,-100.0,100,2004.871614
,-100.0,100,2007.0004
,-100.0,100,2009.27282
,-100.0,100,2011.407712
,-100.0,100,2013.544918
,-100.0,100,2015.704127
,-100.0,100,2017.919388
,-100.0,100,2020.026881
,-100.0,100,2022.320037
,-100.0,100,2024.392776
,-100.0,100,2026.557207
,-100.0,100,2028.630715
,-100.0,100,2030.822947
,-100.0,100,2032.977329
,-100.0,100,2035.234699
,-100.0,100,2037.25909
,-100.0,100,2039.449635
,-100.0,100,2041.572206
,-100.0,100,2043.823939
,-100.0,100,2044.456577
,-100.0,100,2045.091503
,-100.0,100,2045.716118
,-100.0,100,2046.317801
,-100.0,100,2046.949559
,-100.0,100,2047.594151
,-100.0,100,2048.264934
,-100.0,100,2048.881606
,-100.0,100,2049.529354
,-100.0,100,2050.431371
,-100.0,100,2052.619316
,-100.0,100,2054.837761
,-100.0,100,2056.931893
,-100.0,100,2059.093693
,-100.0,100,2061.245085
,-100.0,100,2063.503838
,-100.0,100,2065.613216
,-100.0,100,2067.809621
,-100.0,100,2069.9598
,-100.0,100,2072.181758
,-100.0,100,2074.337239
,-100.0,100,2076.505605
,-100.0,100,2078.651454
,-100.0,100,2080.81865
,-100.0,100,2082.936867
,-100.0,100,2085.152118
,-100.0,100,2087.262243
,-100.0,100,2089.377549
,-100.0,100,2091.584977
,-100.0,100,2093.654502
,-100.0,100,2095.807101
,-100.0,100,2098.115538
,-100.0,100,2100.154864
,-100.0,100,2102.426457
,-100.0,100,2104.563922
,-100.0,100,2106.700532
,-100.0,100,2108.869478
,-100.0,100,2111.057589
,-100.0,100,2113.265773
,-100.0,100,2115.476427
,-100.0,100,2117.572564
,-100.0,100,2119.850969
,-100.0,100,2121.941001
,-100.0,100,2124.098634
,-100.0,100,2126.306297
,-100.0,100,2128.510179
,-100.0,100,2130.789619
,-100.0,100,2132.949119
,-100.0,100,2135.193507
,-100.0,100,2137.331045
,-100.0,100,2139.501165
,-100.0,100,2141.62205
,-100.0,100,2143.804354
,-100.0,100,2145.900813
,-100.0,100,2148.052381
,-100.0,100,2150.183961
,-100.0,100,2152.325632
,-100.0,100,2154.570743
,-100.0,100,2156.722537
,-100.0,100,2158.868116
,-100.0,100,2159.498611
,-100.0,100,2160.129404
,-100.0,100,2160.727587
,-100.0,100,2161.410982
,-100.0,100,2162.029264
,-100.0,100,2162.646593
,-100.0,100,2163.304296
,-100.0,100,2163.959492
,-100.0,100,2164.606814
,-100.0,100,2165.595626
,-100.0,100,2167.756079
,-100.0,100,2169.811504
,-100.0,100,2172.020845
,-100.0,100,2174.161914
,-100.0,100,2176.362258
,-100.0,100,2178.505762
,-100.0,100,2180.668253
,-100.0,100,2182.87966
,-100.0,100,2185.007181
,-100.0,100,2187.227065
,-100.0,100,2189.43878
,-100.0,100,2191.621338
,-100.0,100,2193.751433
,-100.0,100,2195.872998
,-100.0,100,2198.16934
,-100.0,100,2200.27004
,-100.0,100,2202.444364
,-100.0,100,2204.506313
,-100.0,100,2206.690429
,-100.0,100,2208.883674
,-100.0,100,2211.043693
,-100.0,100,2213.26573
,-100.0,100,2215.437855
,-100.0,100,2217.506594
,-100.0,100,2219.655752
,-100.0,100,2221.870403
,-100.0,100,2224.089194
,-100.0,100,2226.233316
,-100.0,100,2228.449763
,-100.0,100,2230.587139
,-98.0,100,2232.849547
,-100.0,100,2234.993536
,-100.0,100,2237.194191
,-100.0,100,2239.439551
,-100.0,100,2241.590881
,-100.0,100,2243.881135
,-95.0,100,2245.966776
,-100.0,100,2248.181562
,-100.0,100,2250.328415
,-100.0,100,2252.525388
,-100.0,100,2254.643958
,-100.0,100,2256.884495
,-100.0,100,2259.042825
,-100.0,100,2261.158687
,-100.0,100,2263.382888
,-100.0,100,2265.529023
,-100.0,100,2267.725025
,-100.0,100,2269.878777
,-100.0,100,2272.099109
,-100.0,100,2274.281393
,-100.0,100,2275.04131
,-100.0,100,2275.740044
,-100.0,100,2276.390244
,-100.0,100,2276.993507
,-100.0,100,2277.623675
,-100.0,100,2278.27615
,-100.0,100,2278.869716
,-100.0,100,2279.53598
,-100.0,100,2280.181545
,-100.0,100,2280.83128
,-100.0,100,2283.004314
,-100.0,100,2285.099098
,-100.0,100,2287.317875
,-100.0,100,2289.531469
,-100.0,100,2291.711718
,-100.0,100,2293.856682
,-100.0,100,2296.006652
,-100.0,100,2298.259324
,-100.0,100,2300.289275
,-100.0,100,2302.558505
,-100.0,100,2304.726499
,-100.0,100,2306.881796
,-100.0,100,2309.019374
,-100.0,100,2311.232802
,-100.0,100,2313.331217
,-100.0,100,2315.529374
,-100.0,100,2317.719533
,-100.0,100,2319.814344
,-100.0,100,2322.046543
,-100.0,100,2324.107701
,-100.0,100,2326.308668
,-100.0,100,2328.548439
,-100.0,100,2330.817574
,-100.0,100,2332.962421
,-100.0,100,2335.073671
,-100.0,100,2337.205311
,-100.0,100,2339.415606
,-100.0,100,2341.554961
,-100.0,100,2343.79307
,-100.0,100,2345.849625
,-100.0,100,2348.14911
,-100.0,100,2350.299597
,-100.0,100,2352.55065
,-100.0,100,2354.714965
,-100.0,100,2356.878561
,-100.0,100,2359.137018
,-100.0,100,2361.232924
,-100.0,100,2363.362856
,-100.0,100,2365.531906
,-100.0,100,2367.756153
,-100.0,100,2369.920183
,-100.0,100,2372.096957
,-100.0,100,2374.350072
,-100.0,100,2376.511941
,-100.0,100,2378.663298
,-100.0,100,2380.836186
,-100.0,100,2383.169992
,-100.0,100,2385.286574
,-100.0,100,2387.343199
,-100.0,100,2389.664046
,-100.0,100,2390.368232
,-100.0,100,2391.102472
,-100.0,100,2391.718066
,-100.0,100,2392.412563
,-100.0,100,2392.990589
,-100.0,100,2393.609333
,-100.0,100,2394.221836
,-100.0,100,2394.87001
,-100.0,100,2395.507998
,-100.0,100,2396.244521
,-100.0,100,2398.395887
,-100.0,100,2400.477234
,-100.0,100,2402.765638
,-100.0,100,2404.972103
,-100.0,100,2407.125165
,-100.0,100,2409.295493
,-100.0,100,2411.513228
,-100.0,100,2413.704123
,-100.0,100,2415.870895
,-100.0,100,2418.07191
,-100.0,100,2420.220004
,-100.0,100,2422.45358
,-100.0,100,2424.640037
,-100.0,100,2426.821779
,-100.0,100,2428.99643
,-100.0,100,2431.13755
,-100.0,100,2433.287977
,-100.0,100,2435.52228
,-100.0,100,2437.7578
,-100.0,100,2439.918686
,-100.0,100,2442.052222
,-100.0,100,2444.202884
,-100.0,100,2446.520755
,-100.0,100,2448.642009
,-100.0,100,2450.795197
,-100.0,100,2453.015675
,-100.0,100,2455.165213
,-100.0,100,2457.320444
,-100.0,100,2459.612507
,-100.0,100,2461.734138
,-100.0,100,2463.862622
,-100.0,100,2466.123436
,-100.0,100,2468.286213
,-100.0,100,2470.553454
,-100.0,100,2472.669544
,-100.0,100,2474.810679
,-100.0,100,2476.953896
,-100.0,100,2479.169803
,-100.0,100,2481.423992
,-100.0,100,2483.568758
,-100.0,100,2485.703065
,-100.0,100,2487.945202
,-100.0,100,2490.081316
,-100.0,100,2492.262878
,-100.0,100,2494.492591
,-100.0,100,2496.731503
,-100.0,100,2498.844989
,-100.0,100,2501.102973
,-100.0,100,2503.211474
,-100.0,100,2505.509125
,-100.0,100,2506.157871
,-100.0,100,2506.815645
,-100.0,100,2507.389138
,-100.0,100,2508.071282
,-100.0,100,2508.649512
,-100.0,100,2509.286372
,-100.0,100,2509.992296
,-100.0,100,2510.653944
,-100.0,100,2511.297985
,-100.0,100,2511.954465
,-100.0,100,2514.152729
,-100.0,100,2516.408025
,-100.0,100,2518.599951
,-100.0,100,2520.757805
,-100.0,100,2522.857941
,-100.0,100,2525.134055
,-100.0,100,2527.203805
,-100.0,100,2529.483324
,-100.0,100,2531.592377
,-100.0,100,2533.767627
,-100.0,100,2535.928753
,-100.0,100,2538.085557
,-100.0,100,2540.326056
,-100.0,100,2542.514639
,-100.0,100,2544.646719
,-100.0,100,2546.933952
,-100.0,100,2549.129112
,-100.0,100,2551.268178
,-100.0,100,2553.415756
,-100.0,100,2555.595078
,-100.0,100,2557.731203
,-100.0,100,2559.95264
,-100.0,100,2562.065399
,-100.0,100,2564.288854
,-100.0,100,2566.555648
,-100.0,100,2568.718361
,-100.0,100,2570.852197
,-100.0,100,2573.10203
,-100.0,100,2575.270218
,-100.0,100,2577.434919
,-100.0,100,2579.615117
,-100.0,100,2581.79477
,-100.0,100,2583.918383
,-100.0,100,2586.169089
,-100.0,100,2588.462323
,-100.0,100,2590.526852
,-100.0,100,2592.725717
,-100.0,100,2594.903275
,-100.0,100,2597.186329
,-100.0,100,2599.403052
,-100.0,100,2601.560075
,-100.0,100,2603.723664
,-100.0,100,2605.887389
,-100.0,100,2608.085179
,-100.0,100,2610.27917
,-100.0,100,2612.501041
,-100.0,100,2614.62606
,-100.0,100,2616.896781
,-100.0,100,2619.06186
,-100.0,100,2621.289404
,-100.0,100,2621.908401
,-100.0,100,2622.578527
,-100.0,100,2623.200277
,-100.0,100,2623.853502
,-100.0,100,2624.595699
,-100.0,100,2625.288568
,-100.0,100,2625.921334
,-100.0,100,2626.643432
,-100.0,100,2627.231962
,-100.0,100,2627.880789
,-100.0,100,2630.14042
,-100.0,100,2632.299656
,-100.0,100,2634.460928
,-100.0,100,2636.688449
,-100.0,100,2638.775172
,-100.0,100,2641.03699
,-100.0,100,2643.292989
,-100.0,100,2645.450509
,-100.0,100,2647.630044
,-100.0,100,2649.778502
,-100.0,100,2652.102557
,-100.0,100,2654.174525
,-100.0,100,2656.500978
,-100.0,100,2658.616291
,-100.0,100,2660.797264
,-100.0,100,2663.013849
,-100.0,100,2665.185812
,-100.0,100,2667.290736
,-100.0,100,2669.536137
,-100.0,100,2671.605591
,-100.0,100,2673.892403
,-100.0,100,2676.124307
,-100.0,100,2678.214235
,-100.0,100,2680.430985
,-100.0,100,2682.733212
,-100.0,100,2684.906169
,-100.0,100,2687.044876
,-100.0,100,2689.292231
,-100.0,100,2691.460055
,-100.0,100,2693.630904
,-100.0,100,2695.855511
,-100.0,100,2698.109301
,-100.0,100,2700.252772
,-100.0,100,2702.428021
,-100.0,100,2704.567288
,-100.0,100,2706.806799
,-100.0,100,2708.92545
,-100.0,100,2711.140574
,-100.0,100,2713.389996
,-100.0,100,2715.560061
,-100.0,100,2717.809083
,-100.0,100,2719.904674
,-100.0,100,2722.046567
,-100.0,100,2724.383699
,-100.0,100,2726.502946
,-100.0,100,2728.710066
,-100.0,100,2730.884487
,-100.0,100,2732.975421
,-100.0,100,2735.192322
,-100.0,100,2737.386743
,-100.0,100,2738.045704
,-100.0,100,2738.661668
,-100.0,100,2739.310388
,-100.0,100,2739.967901
,-100.0,100,2740.695421
,-100.0,100,2741.366565
,-100.0,100,2742.050931
,-100.0,100,2742.691328
,-100.0,100,2743.301966
,-100.0,100,2744.132728
,-100.0,100,2746.247796
,-100.0,100,2748.502298
,-100.0,100,2750.76583
,-100.0,100,2752.842701
,-100.0,100,2755.078572
,-100.0,100,2757.214495
,-100.0,100,2759.481542
,-100.0,100,2761.681615
,-100.0,100,2763.816476
,-100.0,100,2765.979219
,-100.0,100,2768.202486
,-100.0,100,2770.438697
,-100.0,100,2772.540688
,-100.0,100,2774.78825
,-100.0,100,2776.920325
,-100.0,100,2779.194398
,-100.0,100,2781.31133
,-100.0,100,2783.5371
,-100.0,100,2785.648592
,-100.0,100,2787.91233
,-100.0,100,2790.124762
,-100.0,100,2792.285771
,-100.0,100,2794.45
,-100.0,100,2796.724027
,-100.0,100,2798.905063
,-100.0,100,2801.165795
,-100.0,100,2803.2964
,-100.0,100,2805.543549
,-100.0,100,2807.702413
,-100.0,100,2809.853602
,-100.0,100,2812.125652
,-100.0,100,2814.242029
,-100.0,100,2816.424563
,-100.0,100,2818.697288
,-100.0,100,2820.795285
,-100.0,100,2822.924006
,-100.0,100,2825.201833
,-100.0,100,2827.35467
,-100.0,100,2829.561963
,-100.0,100,2831.684806
,-100.0,100,2833.990863
,-100.0,100,2836.134857
,-100.0,100,2838.322418
,-100.0,100,2840.546495
,-100.0,100,2842.791868
,-100.0,100,2844.876257
,-100.0,100,2847.198556
,-100.0,100,2849.35715
,-100.0,100,2851.548259
,-100.0,100,2853.69168
,-100.0,100,2854.301429
,-100.0,100,2854.922792
,-94.0,100,2855.572837
,-100.0,100,2856.183492
,-100.0,100,2856.810421
,-100.0,100,2857.458892
,-100.0,100,2858.141562
,-100.0,100,2858.873514
,-100.0,100,2859.518849
,-100.0,100,2860.239949
,-100.0,100,2862.478192
,-100.0,100,2864.674915
,-100.0,100,2866.852039
,-100.0,100,2869.059728
,-100.0,100,2871.197713
,-100.0,100,2873.44225
,-100.0,100,2875.613614
,-100.0,100,2877.825771
,-100.0,100,2879.988154
,-100.0,100,2882.187724
,-100.0,100,2884.460889
,-100.0,100,2886.652838
,-100.0,100,2888.879429
,-100.0,100,2891.010684
,-100.0,100,2893.170925
,-100.0,100,2895.372927
,-100.0,100,2897.54943
,-100.0,100,2899.850565
,-100.0,100,2902.003029
,-100.0,100,2904.225505
,-100.0,100,2906.402732
,-100.0,100,2908.661139
,-100.0,100,2910.797111
,-100.0,100,2913.019303
,-100.0,100,2915.283242
,-100.0,100,2917.443849
,-100.0,100,2919.634517
,-100.0,100,2921.747725
,-100.0,100,2924.015326
,-100.0,100,2926.219565
,-100.0,100,2928.443527
,-100.0,100,2930.653668
,-100.0,100,2932.847384
,-100.0,100,2935.037371
,-100.0,100,2937.274009
,-100.0,100,2939.464042
,-100.0,100,2941.593364
,-100.0,100,2943.849826
,-100.0,100,2946.043113
,-100.0,100,2948.330812
,-100.0,100,2950.4703
,-100.0,100,2952.668016
,-100.0,100,2954.864692
,-100.0,100,2957.042401
,-100.0,100,2959.182057
,-100.0,100,2961.40276
,-100.0,100,2963.58035
,-100.0,100,2965.81112
,-100.0,100,2967.998454
,-100.0,100,2970.195021
,-100.0,100,2970.837174
,-100.0,100,2971.52464
,-100.0,100,2972.159612
,-100.0,100,2972.848378
,-100.0,100,2973.462957
,-100.0,100,2974.08586
,-100.0,100,2974.744318
,-100.0,100,2975.316
,-100.0,100,2975.979104
,-100.0,100,2976.774702
,-100.0,100,2979.074018
,-100.0,100,2981.180102
,-100.0,100,2983.352801
,-100.0,100,2985.616239
,-100.0,100,2987.867038
,-100.0,100,2990.086379
,-100.0,100,2992.253125
,-100.0,100,2994.429987
,-100.0,100,2996.624406
,-100.0,100,2998.810447
,-100.0,100,3001.008291
,-100.0,100,3003.253892
,-100.0,100,3005.432036
,-100.0,100,3007.6231
,-100.0,100,3009.868712
,-100.0,100,3011.985865
,-100.0,100,3014.194132
,-100.0,100,3016.413848
,-100.0,100,3018.551883
,-100.0,100,3020.72117
,-100.0,100,3022.980013
,-100.0,100,3025.095346
,-100.0,100,3027.328298
,-100.0,100,3029.493687
,-100.0,100,3031.654653
,-100.0,100,3033.886479
,-100.0,100,3036.130647
,-100.0,100,3038.335595
,-100.0,100,3040.522817
,-100.0,100,3042.64455
,-100.0,100,3044.889531
,-100.0,100,3047.133345
,-100.0,100,3049.273002
,-100.0,100,3051.464938
,-100.0,100,3053.758708
,-100.0,100,3055.820878
,-100.0,100,3058.078207
,-100.0,100,3060.325888
,-100.0,100,3062.533513
,-100.0,100,3064.661714
,-100.0,100,3066.832121
,-100.0,100,3069.010591
,-100.0,100,3071.166902
,-100.0,100,3073.358588
,-100.0,100,3075.668017
,-100.0,100,3077.923014
,-100.0,100,3080.05726
,-100.0,100,3082.211395
,-100.0,100,3084.477217
,-100.0,100,3086.631969
,-100.0,100,3087.289282
,-100.0,100,3087.941443
,-100.0,100,3088.593604
,-100.0,100,3089.320355
,-100.0,100,3090.013039
,-100.0,100,3090.669458
,-100.0,100,3091.34255
,-100.0,100,3091.963675
,-100.0,100,3092.591665
,-100.0,100,3093.325051
,-100.0,100,3095.55047
,-100.0,100,3097.711781
,-100.0,100,3099.983691
,-100.0,100,3102.222495
,-100.0,100,3104.504902
,-100.0,100,3106.611382
,-100.0,100,3108.793705
,-100.0,100,3111.086387
,-100.0,100,3113.204984
,-100.0,100,3115.397086
,-100.0,100,3117.621867
,-100.0,100,3119.721678
,-100.0,100,3121.931322
,-100.0,100,3124.227959
,-100.0,100,3126.388036
,-100.0,100,3128.5444
,-100.0,100,3130.734078
,-100.0,100,3132.832438
,-100.0,100,3135.060014
,-100.0,100,3137.220036
,-100.0,100,3139.422685
,-100.0,100,3141.591522
,-100.0,100,3143.831136
,-100.0,100,3146.061617
,-100.0,100,3148.09547
,-100.0,100,3150.347094
,-100.0,100,3152.582082
,-100.0,100,3154.761286
,-100.0,100,3156.951713
,-100.0,100,3159.182215
,-100.0,100,3161.196852
,-100.0,100,3163.466382
,-100.0,100,3165.674269
,-100.0,100,3167.882439
,-100.0,100,3170.09582
,-100.0,100,3172.308861
,-100.0,100,3174.561628
,-100.0,100,3176.72103
,-100.0,100,3178.952424
,-100.0,100,3181.069386
,-100.0,100,3183.320283
,-100.0,100,3185.60035
,-100.0,100,3187.803376
,-100.0,100,3189.945035
,-100.0,100,3192.124454
,-100.0,100,3194.288571
,-100.0,100,3196.40857
,-100.0,100,3198.758738
,-100.0,100,3200.970681
,-100.0,100,3203.074274
,-100.0,100,3203.683115
,-100.0,100,3204.383436
,-100.0,100,3205.037996
,-100.0,100,3205.608348
,-100.0,100,3206.300376
,-100.0,100,3207.035697
,-100.0,100,3207.666565
,-100.0,100,3208.270673
,-100.0,100,3208.906119
,-100.0,100,3209.736042
,-100.0,100,3211.898367
,-100.0,100,3214.076562
,-100.0,100,3216.324923
,-100.0,100,3218.552543
,-100.0,100,3220.694002
,-100.0,100,3222.764475
,-100.0,100,3224.980697
,-100.0,100,3227.242975
,-100.0,100,3229.412452
,-100.0,100,3231.590362
,-100.0,100,3233.846837
,-100.0,100,3236.045046
,-100.0,100,3238.285443
,-100.0,100,3240.506558
,-100.0,100,3242.667693
,-100.0,100,3244.927806
,-100.0,100,3247.066834
,-100.0,100,3249.406577
,-100.0,100,3251.5747
,-100.0,100,3253.686138
,-100.0,100,3255.912347
,-100.0,100,3258.138887
,-100.0,100,3260.360147
,-100.0,100,3262.592731
,-100.0,100,3264.782124
,-100.0,100,3266.998951
,-100.0,100,3269.233012
,-100.0,100,3271.373262
,-100.0,100,3273.599311
,-100.0,100,3275.871656
,-100.0,100,3278.092599
,-100.0,100,3280.325489
,-100.0,100,3282.536801
,-100.0,100,3284.673997
,-100.0,100,3286.949557
,-100.0,100,3289.23799
,-100.0,100,3291.360495
,-100.0,100,3293.651964
,-100.0,100,3295.789393
,-100.0,100,3298.001081
,-100.0,100,3300.290018
,-100.0,100,3302.574701
,-100.0,100,3304.691647
,-100.0,100,3306.91321
,-100.0,100,3309.081913
,-100.0,100,3311.42022
,-100.0,100,3313.562097
,-100.0,100,3315.766683
,-100.0,100,3318.007679
,-100.0,100,3320.145025
,-100.0,100,3320.76439
,-100.0,100,3321.354265
,-100.0,100,3321.962701
,-100.0,100,3322.549527
,-100.0,100,3323.193036
,-100.0,100,3323.893309
,-100.0,100,3324.500333
,-100.0,100,3325.155776
,-100.0,100,3325.853726
,-100.0,100,3326.787469
,-100.0,100,3328.924357
,-100.0,100,3331.272926
,-100.0,100,3333.46162
,-100.0,100,3335.638938
,-100.0,100,3337.85409
,-100.0,100,3340.166069
,-100.0,100,3342.46141
,-100.0,100,3344.584306
,-100.0,100,3346.782103
,-100.0,100,3349.062751
,-100.0,100,3351.288686
,-100.0,100,3353.421989
,-100.0,100,3355.636171
,-100.0,100,3357.838655
,-100.0,100,3360.086787
,-100.0,100,3362.343638
,-100.0,100,3364.585396
,-100.0,100,3366.862336
,-100.0,100,3368.977813
,-100.0,100,3371.252167
,-100.0,100,3373.439962
,-100.0,100,3375.639154
,-100.0,100,3377.822026
,-100.0,100,3380.021722
,-100.0,100,3382.319894
,-100.0,100,3384.436743
,-100.0,100,3386.687689
,-100.0,100,3388.888257
,-100.0,100,3391.048195
,-100.0,100,3393.288927
,-100.0,100,3395.51004
,-100.0,100,3397.800012
,-100.0,100,3400.036082
,-100.0,100,3402.293849
,-100.0,100,3404.44578
,-100.0,100,3406.672429
,-100.0,100,3408.87619
,-100.0,100,3411.069691
,-100.0,100,3413.38744
,-100.0,100,3415.477345
,-100.0,100,3417.774945
,-100.0,100,3419.940235
,-100.0,100,3422.04453
,-100.0,100,3424.389479
,-100.0,100,3426.470834
,-100.0,100,3428.704232
,-100.0,100,3430.981097
,-100.0,100,3433.253675
,-100.0,100,3435.381506
,-100.0,100,3437.594401
,-100.0,100,3438.293426
,-100.0,100,3438.928955
,-100.0,100,3439.57742
,-100.0,100,3440.211274
,-100.0,100,3440.846437
,-100.0,100,3441.486228
,-100.0,100,3442.126053
,-99.0,100,3442.741148
,-100.0,100,3443.457695
,-100.0,100,3444.311236
,-100.0,100,3446.46435
,-100.0,100,3448.693295
,-100.0,100,3450.921803
,-100.0,100,3453.16293
,-100.0,100,3455.362714
,-100.0,100,3457.6268
,-100.0,100,3459.861667
,-100.0,100,3461.989995
,-100.0,100,3464.218669
,-100.0,100,3466.360036
,-100.0,100,3468.504053
,-100.0,100,3470.804313
,-100.0,100,3473.018858
,-100.0,100,3475.256694
,-100.0,100,3477.492907
,-100.0,100,3479.679339
,-100.0,100,3481.925537
,-100.0,100,3484.128332
,-100.0,100,3486.341918
,-100.0,100,3488.466158
,-100.0,100,3490.744387
,-100.0,100,3493.017217
,-100.0,100,3495.233868
,-100.0,100,3497.439284
,-100.0,100,3499.562607
,-100.0,100,3501.74096
,-100.0,100,3504.068375
,-100.0,100,3506.333566
,-100.0,100,3508.527653
,-100.0,100,3510.723757
,-100.0,100,3512.902726
,-100.0,100,3515.129937
,-100.0,100,3517.294057
,-100.0,100,3519.535466
,-100.0,100,3521.80985
,-100.0,100,3523.962655
,-100.0,100,3526.18549
,-100.0,100,3528.421856
,-100.0,100,3530.536135
,-100.0,100,3532.802097
,-100.0,100,3534.980554
,-100.0,100,3537.152599
,-100.0,100,3539.363859
,-100.0,100,3541.569674
,-100.0,100,3543.907247
,-100.0,100,3546.072197
,-100.0,100,3548.371041
,-100.0,100,3550.510698
,-100.0,100,3552.746504
,-100.0,100,3554.971195
,-100.0,100,3555.614399
,-100.0,100,3556.242744
,-100.0,100,3556.881187
,-100.0,100,3557.469752
,-100.0,100,3558.054031
,-100.0,100,3558.698602
,-100.0,100,3559.343261
,-100.0,100,3559.93223
,-100.0,100,3560.551308
,-100.0,100,3561.683631
,-100.0,100,3563.832004
,-100.0,100,3566.093411
,-100.0,100,3568.337557
,-100.0,100,3570.574106
,-100.0,100,3572.79936
,-100.0,100,3574.990286
,-100.0,100,3577.204895
,-100.0,100,3579.432874
,-100.0,100,3581.645759
,-100.0,100,3583.810576
,-100.0,100,3586.151199
,-100.0,100,3588.282729
,-100.0,100,3590.613984
,-100.0,100,3592.823297
,-100.0,100,3595.103956
,-100.0,100,3597.277042
,-100.0,100,3599.465103
,-100.0,100,3601.654438
,-100.0,100,3603.915117
,-100.0,100,3606.148002
,-100.0,100,3608.262155
,-100.0,100,3610.517874
,-100.0,100,3612.760505
,-99.0,100,3615.05688
,-100.0,100,3617.177237
,-100.0,100,3619.401529
,-100.0,100,3621.660194
,-100.0,100,3623.908117
,-100.0,100,3626.171301
,-100.0,100,3628.368098
,-100.0,100,3630.578985
,-100.0,100,3632.823495
,-99.0,100,3635.085009
,-100.0,100,3637.185879
,-100.0,100,3639.423277
,-100.0,100,3641.603745
,-100.0,100,3643.788781
,-100.0,100,3646.012067
,-100.0,100,3648.228325
,-100.0,100,3650.439476
,-100.0,100,3652.682634
,-100.0,100,3654.811145
,-100.0,100,3657.021932
,-100.0,100,3659.300099
,-100.0,100,3661.563205
,-100.0,100,3663.771819
,-100.0,100,3665.913798
,-100.0,100,3668.236902
,-100.0,100,3670.426281
,-100.0,100,3672.656913
,-100.0,100,3673.356422
,-100.0,100,3673.975485
,-100.0,100,3674.695977
,-100.0,100,3675.299403
,-100.0,100,3675.967538
,-100.0,100,3676.570846
,-100.0,100,3677.157352
,-100.0,100,3677.828762
,-100.0,100,3678.524039
,-100.0,100,3679.366103
,-100.0,100,3681.63765
,-100.0,100,3683.71751
,-100.0,100,3686.001423
,-100.0,100,3688.222866
,-100.0,100,3690.43605
,-100.0,100,3692.624312
,-100.0,100,3694.836463
,-100.0,100,3697.078768
,-100.0,100,3699.227656
,-100.0,100,3701.449829
,-100.0,100,3703.781001
,-100.0,100,3705.8321
,-100.0,100,3708.147212
,-100.0,100,3710.47224
,-100.0,100,3712.546868
,-100.0,100,3714.932247
,-100.0,100,3717.023687
,-100.0,100,3719.310478
,-100.0,100,3721.484119
,-100.0,100,3723.716512
,-100.0,100,3725.923361
,-100.0,100,3728.148173
,-100.0,100,3730.2916
,-100.0,100,3732.491332
,-100.0,100,3734.786376
,-100.0,100,3736.937747
,-100.0,100,3739.116483
,-100.0,100,3741.382771
,-100.0,100,3743.560191
,-100.0,100,3745.721516
,-100.0,100,3748.045995
,-100.0,100,3750.240132
,-100.0,100,3752.420275
,-100.0,100,3754.6085
,-100.0,100,3756.740091
,-100.0,100,3759.125143
,-100.0,100,3761.343959
,-100.0,100,3763.575335
,-100.0,100,3765.783775
,-100.0,100,3768.032395
,-97.0,100,3770.240937
,-100.0,100,3772.475338
,-100.0,100,3774.651837
,-100.0,100,3776.890901
,-100.0,100,3779.114035
,-100.0,100,3781.350454
,-100.0,100,3783.68309
,-100.0,100,3785.786657
,-100.0,100,3788.111149
,-100.0,100,3790.27854
,-100.0,100,3790.978854
,-100.0,100,3791.676179
,-100.0,100,3792.330557
,-100.0,100,3792.981222
,-100.0,100,3793.564226
,-100.0,100,3794.156651
,-100.0,100,3794.815847
,-100.0,100,3795.437424
,-100.0,100,3796.059084
,-100.0,100,3796.864086
,-100.0,100,3799.132861
,-100.0,100,3801.365087
,-100.0,100,3803.533916
,-100.0,100,3805.766731
,-100.0,100,3808.058936
,-100.0,100,3810.226799
,-100.0,100,3812.513517
,-100.0,100,3814.780305
,-100.0,100,3817.028955
,-100.0,100,3819.184696
,-100.0,100,3821.369769
,-100.0,100,3823.618815
,-97.0,100,3825.934563
,-100.0,100,3828.081064
,-100.0,100,3830.296882
,-100.0,100,3832.588433
,-100.0,100,3834.888423
,-100.0,100,3837.122275
,-100.0,100,3839.221391
,-100.0,100,3841.494823
,-100.0,100,3843.684077
,-100.0,100,3845.866843
,-100.0,100,3848.144543
,-100.0,100,3850.358176
,-100.0,100,3852.48233
,-100.0,100,3854.755478
,-100.0,100,3856.94631
,-100.0,100,3859.202803
,-100.0,100,3861.417225
,-100.0,100,3863.629334
,-100.0,100,3865.935923
,-100.0,100,3868.174002
,-100.0,100,3870.37206
,-100.0,100,3872.623761
,-100.0,100,3874.776686
,-100.0,100,3877.011932
,-100.0,100,3879.219853
,-100.0,100,3881.551483
,-100.0,100,3883.750356
,-100.0,100,3885.953156
,-100.0,100,3888.115634
,-100.0,100,3890.367454
,-100.0,100,3892.691538
,-100.0,100,3894.819292
,-100.0,100,3897.114161
,-100.0,100,3899.327723
,-100.0,100,3901.519614
,-100.0,100,3903.81391
,-100.0,100,3906.02442
,-100.0,100,3908.25022
,-100.0,100,3908.875113
,-100.0,100,3909.526356
,-100.0,100,3910.240788
,-100.0,100,3910.836429
,-100.0,100,3911.507458
,-100.0,100,3912.174999
,-100.0,100,3912.78889
,-100.0,100,3913.433557
,-100.0,100,3914.092886
,-100.0,100,3914.845606
,-100.0,100,3917.003498
,-100.0,100,3919.266984
,-100.0,100,3921.449552
,-100.0,100,3923.703736
,-100.0,100,3925.955554
,-100.0,100,3928.101782
,-100.0,100,3930.251941
,-100.0,100,3932.539201
,-100.0,100,3934.733245
,-100.0,100,3936.89278
,-100.0,100,3939.216264
,-100.0,100,3941.43414
,-100.0,100,3943.62281
,-100.0,100,3945.898583
,-100.0,100,3948.177437
,-100.0,100,3950.382356
,-100.0,100,3952.613284
,-100.0,100,3954.752524
,-100.0,100,3956.98742
,-100.0,100,3959.219122
,-100.0,100,3961.481388
,-100.0,100,3963.66086
,-100.0,100,3965.852005
,-100.0,100,3968.087617
,-100.0,100,3970.283058
,-100.0,100,3972.525289
,-100.0,100,3974.795302
,-100.0,100,3977.037778
,-100.0,100,3979.197815
,-100.0,100,3981.424226
,-100.0,100,3983.801869
,-100.0,100,3986.010735
,-100.0,100,3988.230007
,-100.0,100,3990.450189
,-99.0,100,3992.587494
,-100.0,100,3994.950717
,-100.0,100,3997.108004
,-100.0,100,3999.292268
,-100.0,100,4001.538385
,-100.0,100,4003.765402
,-100.0,100,4005.939928
,-100.0,100,4008.22899
,-100.0,100,4010.455863
,-100.0,100,4012.700483
,-100.0,100,4014.808046
,-100.0,100,4017.132239
,-100.0,100,4019.330262
,-100.0,100,4021.557221
,-100.0,100,4023.914228
,-100.0,100,4026.14893
,-100.0,100,4026.785835
,-100.0,100,4027.41231
,-100.0,100,4028.075681
,-100.0,100,4028.695497
,-100.0,100,4029.309286
,-100.0,100,4029.902344
,-100.0,100,4030.547736
,-100.0,100,4031.2347
,-100.0,100,4031.826304
,-100.0,100,4032.854121
,-100.0,100,4035.057595
,-100.0,100,4037.355684
,-100.0,100,4039.546221
,-100.0,100,4041.710839
,-100.0,100,4044.089522
,-100.0,100,4046.283143
,-100.0,100,4048.520482
,-100.0,100,4050.720356
,-100.0,100,4052.945163
,-100.0,100,4055.162629
,-100.0,100,4057.313916
,-100.0,100,4059.600788
,-100.0,100,4061.936386
,-100.0,100,4064.11699
,-100.0,100,4066.346689
,-100.0,100,4068.581932
,-100.0,100,4070.784776
,-100.0,100,4073.135179
,-100.0,100,4075.229278
,-100.0,100,4077.479574
,-100.0,100,4079.713812
,-100.0,100,4081.902678
,-100.0,100,4084.130548
,-100.0,100,4086.400464
,-100.0,100,4088.57975
,-100.0,100,4090.905791
,-100.0,100,4093.028289
,-100.0,100,4095.288766
,-100.0,100,4097.581971
,-100.0,100,4099.816504
,-100.0,100,4101.914277
,-100.0,100,4104.18308
,-100.0,100,4106.440452
,-100.0,100,4108.684244
,-100.0,100,4110.885078
,-100.0,100,4113.205953
,-100.0,100,4115.479846
,-100.0,100,4117.646939
,-100.0,100,4119.914396
,-100.0,100,4122.006398
,-100.0,100,4124.272118
,-100.0,100,4126.517946
,-100.0,100,4128.671054
,-100.0,100,4130.967673
,-100.0,100,4133.151124
,-100.0,100,4135.481267
,-100.0,100,4137.723485
,-100.0,100,4139.965705
,-100.0,100,4142.13446
,-100.0,100,4144.391594
,-100.0,100,4145.041555
,-100.0,100,4145.660784
,-100.0,100,4146.34441
,-100.0,100,4147.063766
,-100.0,100,4147.706372
,-100.0,100,4148.347729
,-100.0,100,4148.955644
,-100.0,100,4149.574717
,-100.0,100,4150.155669
,-100.0,100,4151.045858
,-100.0,100,4153.228029
,-100.0,100,4155.41613
,-100.0,100,4157.611428
,-100.0,100,4159.86968
,-100.0,100,4162.117292
,-100.0,100,4164.35622
,-100.0,100,4166.654603
,-100.0,100,4168.913172
,-100.0,100,4171.042018
,-100.0,100,4173.396054
,-100.0,100,4175.531133
,-100.0,100,4177.701559
,-100.0,100,4180.033542
,-100.0,100,4182.232481
,-100.0,100,4184.530719
,-100.0,100,4186.691376
,-100.0,100,4188.948988
,-100.0,100,4191.211616
,-100.0,100,4193.517458
,-100.0,100,4195.719377
,-100.0,100,4198.061668
,-100.0,100,4200.229131
,-100.0,100,4202.420017
,-100.0,100,4204.676115
,-100.0,100,4206.951117
,-100.0,100,4209.203789
,-100.0,100,4211.438057
,-100.0,100,4213.621792
,-100.0,100,4215.878577
,-100.0,100,4218.167408
,-100.0,100,4220.409339
,-100.0,100,4222.684661
,-100.0,100,4224.902709
,-100.0,100,4227.06572
,-100.0,100,4229.41606
,-100.0,100,4231.660279
,-100.0,100,4233.93573
,-100.0,100,4236.102797
,-100.0,100,4238.396315
,-100.0,100,4240.611802
,-100.0,100,4242.904942
,-100.0,100,4245.126724
,-100.0,100,4247.337681
,-100.0,100,4249.540124
,-100.0,100,4251.724181
,-100.0,100,4253.954576
,-100.0,100,4256.202539
,-100.0,100,4258.513471
,-100.0,100,4260.845659
,-100.0,100,4263.065324
,-100.0,100,4263.681317
,-100.0,100,4264.378007
,-100.0,100,4265.024933
,-100.0,100,4265.714811
,-100.0,100,4266.348882
,-100.0,100,4266.916931
,-100.0,100,4267.501158
,-100.0,100,4268.176387
,-100.0,100,4268.868472
,-100.0,100,4269.616245
,-100.0,100,4271.822756
,-100.0,100,4274.210763
,-100.0,100,4276.329263
,-100.0,100,4278.60707
,-100.0,100,4280.839023
,-100.0,100,4283.045259
,-100.0,100,4285.358892
,-100.0,100,4287.572023
,-100.0,100,4289.741132
,-98.0,100,4291.91274
,-100.0,100,4294.27854
,-100.0,100,4296.48149
,-100.0,100,4298.673755
,-100.0,100,4300.982486
,-100.0,100,4303.189295
,-100.0,100,4305.466107
,-100.0,100,4307.693102
,-100.0,100,4309.961958
,-100.0,100,4312.175257
,-100.0,100,4314.545506
,-100.0,100,4316.74579
,-100.0,100,4318.876719
,-100.0,100,4321.198333
,-100.0,100,4323.390754
,-100.0,100,4325.574155
,-100.0,100,4327.80427
,-100.0,100,4330.107735
,-100.0,100,4332.313057
,-100.0,100,4334.566251
,-100.0,100,4336.706476
,-100.0,100,4338.963976
,-100.0,100,4341.351319
,-100.0,100,4343.452773
,-100.0,100,4345.869107
,-100.0,100,4348.017788
,-100.0,100,4350.198907
,-100.0,100,4352.512321
,-100.0,100,4354.724934
,-100.0,100,4357.007754
,-100.0,100,4359.068115
,-100.0,100,4361.46704
,-100.0,100,4363.72963
,-100.0,100,4365.927665
,-100.0,100,4368.237449
,-100.0,100,4370.457019
,-100.0,100,4372.707086
,-100.0,100,4374.894247
,-100.0,100,4377.103022
,-100.0,100,4379.300598
,-100.0,100,4381.645216
,-100.0,100,4382.358305
,-100.0,100,4382.996393
,-100.0,100,4383.571021
,-100.0,100,4384.191692
,-100.0,100,4384.849535
,-100.0,100,4385.523652
,-100.0,100,4386.221188
,-100.0,100,4386.876725
,-100.0,100,4387.512059
,-100.0,100,4388.280749
,-100.0,100,4390.44829
,-100.0,100,4392.658308
,-100.0,100,4394.952483
,-100.0,100,4397.150913
,-100.0,100,4399.436713
,-100.0,100,4401.649622
,-100.0,100,4403.897429
,-100.0,100,4406.180479
,-100.0,100,4408.397958
,-100.0,100,4410.578977
,-100.0,100,4412.817649
,-100.0,100,4415.099494
,-100.0,100,4417.479892
,-100.0,100,4419.650174
,-100.0,100,4421.888085
,-100.0,100,4424.189284
,-100.0,100,4426.288897
,-100.0,100,4428.570198
,-100.0,100,4430.814574
,-100.0,100,4433.054886
,-100.0,100,4435.301175
,-100.0,100,4437.56391
,-100.0,100,4439.803859
,-100.0,100,4442.021036
,-100.0,100,4444.228433
,-100.0,100,4446.523472
,-100.0,100,4448.816353
,-100.0,100,4451.008664
,-100.0,100,4453.302006
,-100.0,100,4455.392682
,-100.0,100,4457.714015
,-100.0,100,4460.051898
,-100.0,100,4462.249681
,-100.0,100,4464.409976
,-100.0,100,4466.764314
,-100.0,100,4468.887318
,-100.0,100,4471.173096
,-100.0,100,4473.423246
,-100.0,100,4475.630981
,-100.0,100,4477.779913
,-100.0,100,4480.066037
,-100.0,100,4482.331729
,-100.0,100,4484.513114
,-100.0,100,4486.739818
,-100.0,100,4489.013067
,-100.0,100,4491.184632
,-100.0,100,4493.463753
,-100.0,100,4495.762626
,-100.0,100,4498.065799
,-100.0,100,4500.273298
,-100.0,100,4501.006148
,-100.0,100,4501.657993
,-100.0,100,4502.332716
,-100.0,100,4503.009777
,-100.0,100,4503.615969
,-100.0,100,4504.236498
,-100.0,100,4504.870608
,-100.0,100,4505.555839
,-100.0,100,4506.268057
,-100.0,100,4506.896662
,-100.0,100,4509.078439
,-100.0,100,4511.455877
,-100.0,100,4513.663319
,-100.0,100,4515.95257
,-100.0,100,4518.164067
,-100.0,100,4520.481047
,-100.0,100,4522.639288
,-100.0,100,4524.890372
,-100.0,100,4527.101132
,-100.0,100,4529.391582
,-100.0,100,4531.630514
,-100.0,100,4533.749406
,-100.0,100,4536.115573
,-100.0,100,4538.275992
,-100.0,100,4540.472806
,-100.0,100,4542.74731
,-100.0,100,4545.050532
,-100.0,100,4547.1546
,-100.0,100,4549.493117
,-100.0,100,4551.805982
,-100.0,100,4554.013785
,-100.0,100,4556.243617
,-100.0,100,4558.42746
,-100.0,100,4560.767862
,-100.0,100,4562.95895
,-100.0,100,4565.214685
,-100.0,100,4567.401143
,-100.0,100,4569.685248
,-100.0,100,4572.017244
,-100.0,100,4574.279503
,-90.0,100,4576.562757
,-100.0,100,4578.747066
,-100.0,100,4581.00912
,-100.0,100,4583.327777
,-100.0,100,4585.443458
,-100.0,100,4587.762114
,-100.0,100,4590.021996
,-100.0,100,4592.280386
,-100.0,100,4594.341155
,-100.0,100,4596.625164
,-100.0,100,4598.945632
,-100.0,100,4601.155109
,-100.0,100,4603.357221
,-100.0,100,4605.59839
,-100.0,100,4607.885872
,-100.0,100,4610.174609
,-100.0,100,4612.40904
,-100.0,100,4614.748378
,-100.0,100,4616.909038
,-100.0,100,4619.175896
,-100.0,100,4619.791955
,-100.0,100,4620.446164
,-100.0,100,4621.037855
,-100.0,100,4621.694562
,-100.0,100,4622.366371
,-100.0,100,4622.990983
,-100.0,100,4623.604841
,-100.0,100,4624.230137
,-100.0,100,4624.898785
,-100.0,100,4625.921608
,-100.0,100,4628.142881
,-100.0,100,4630.39287
,-100.0,100,4632.615195
,-100.0,100,4635.009871
,-100.0,100,4637.147347
,-100.0,100,4639.497733
,-100.0,100,4641.640899
,-100.0,100,4643.929855
,-100.0,100,4646.094225
,-100.0,100,4648.379649
,-100.0,100,4650.646002
,-100.0,100,4652.887411
,-100.0,100,4655.205426
,-100.0,100,4657.452562
,-100.0,100,4659.733191
,-100.0,100,4661.912066
,-100.0,100,4664.298816
,-100.0,100,4666.503857
,-100.0,100,4668.721242
,-100.0,100,4670.996845
,-100.0,100,4673.172371
,-100.0,100,4675.392237
,-100.0,100,4677.644395
,-100.0,100,4679.905603
,-100.0,100,4682.115601
,-100.0,100,4684.384467
,-100.0,100,4686.764845
,-100.0,100,4688.922581
,-100.0,100,4691.166364
,-100.0,100,4693.362685
,-100.0,100,4695.651597
,-100.0,100,4697.961204
,-100.0,100,4700.225327
,-100.0,100,4702.357527
,-100.0,100,4704.706269
,-100.0,100,4706.881903
,-100.0,100,4709.188072
,-100.0,100,4711.493419
,-100.0,100,4713.748164
,-100.0,100,4715.992277
,-100.0,100,4718.319304
,-100.0,100,4720.431644
,-100.0,100,4722.717322
,-100.0,100,4725.041579
,-100.0,100,4727.365692
,-100.0,100,4729.624294
,-100.0,100,4731.887775
,-100.0,100,4734.047166
,-100.0,100,4736.3534
,-100.0,100,4738.662571
,-100.0,100,4739.274675
,-100.0,100,4739.942077
,-100.0,100,4740.588955
,-100.0,100,4741.227148
,-100.0,100,4741.899233
,-100.0,100,4742.502429
,-100.0,100,4743.085546
,-100.0,100,4743.662642
,-100.0,100,4744.309198
,-100.0,100,4745.335478
,-100.0,100,4747.47105
,-100.0,100,4749.880296
,-100.0,100,4752.04831
,-100.0,100,4754.286545
,-100.0,100,4756.579643
,-100.0,100,4758.828445
,-100.0,100,4761.041329
,-100.0,100,4763.31673
,-100.0,100,4765.533246
,-100.0,100,4767.870952
,-100.0,100,4770.123316
,-100.0,100,4772.338755
,-100.0,100,4774.59276
,-100.0,100,4776.86681
,-100.0,100,4779.120571
,-100.0,100,4781.409712
,-100.0,100,4783.632329
,-100.0,100,4785.851077
,-100.0,100,4788.17272
,-100.0,100,4790.367224
,-100.0,100,4792.597931
,-100.0,100,4794.971249
,-100.0,100,4797.12723
,-100.0,100,4799.383337
,-100.0,100,4801.554939
,-100.0,100,4803.976772
,-100.0,100,4806.200801
,-100.0,100,4808.462592
,-100.0,100,4810.783802
,-100.0,100,4812.987403
,-100.0,100,4815.241049
,-100.0,100,4817.415627
,-100.0,100,4819.72057
,-100.0,100,4821.95735
,-100.0,100,4824.163425
,-100.0,100,4826.473612
,-100.0,100,4828.709098
,-100.0,100,4831.057537
,-100.0,100,4833.196177
,-100.0,100,4835.469776
,-100.0,100,4837.85184
,-100.0,100,4840.02314
,-100.0,100,4842.279499
,-100.0,100,4844.494631
,-100.0,100,4846.740758
,-100.0,100,4849.114015
,-100.0,100,4851.290491
,-100.0,100,4853.669549
,-100.0,100,4855.781331
,-100.0,100,4858.170404
,-100.0,100,4858.83
,-100.0,100,4859.555106
,-100.0,100,4860.20179
,-100.0,100,4860.862908
,-100.0,100,4861.473788
,-100.0,100,4862.165061
,-100.0,100,4862.751147
,-100.0,100,4863.415283
,-100.0,100,4864.035912
,-100.0,100,4864.661908
,-100.0,100,4866.857766
,-100.0,100,4869.225117
,-100.0,100,4871.446691
,-100.0,100,4873.69948
,-100.0,100,4875.871014
,-100.0,100,4878.185045
,-100.0,100,4880.448576
,-100.0,100,4882.630666
,-100.0,100,4884.871354
,-100.0,100,4887.228688
,-100.0,100,4889.434545
,-100.0,100,4891.683175
,-100.0,100,4894.03738
,-100.0,100,4896.232028
,-100.0,100,4898.610975
,-100.0,100,4900.703996
,-100.0,100,4903.106674
,-100.0,100,4905.447345
,-100.0,100,4907.654834
,-100.0,100,4909.936909
,-100.0,100,4912.26974
,-100.0,100,4914.370234
,-100.0,100,4916.749982
,-100.0,100,4919.044999
,-100.0,100,4921.121785
,-100.0,100,4923.551714
,-100.0,100,4925.843297
,-100.0,100,4928.093152
,-100.0,100,4930.444957
,-100.0,100,4932.753268
,-100.0,100,4934.979081
,-100.0,100,4937.19237
,-100.0,100,4939.435266
,-100.0,100,4941.601594
,-100.0,100,4943.883363
,-100.0,100,4946.280549
,-100.0,100,4948.416041
,-100.0,100,4950.690085
,-100.0,100,4952.885022
,-100.0,100,4955.268264
,-100.0,100,4957.465342
,-100.0,100,4959.776956
,-100.0,100,4962.044508
,-100.0,100,4964.291075
,-100.0,100,4966.522574
,-100.0,100,4968.688163
,-100.0,100,4970.949462
,-100.0,100,4973.134981
,-100.0,100,4975.448801
,-100.0,100,4977.705425
,-100.0,100,4978.403567
,-100.0,100,4979.105788
,-100.0,100,4979.760518
,-100.0,100,4980.396132
,-100.0,100,4981.072199
,-100.0,100,4981.775728
,-100.0,100,4982.428731
,-100.0,100,4983.102317
,-100.0,100,4983.711885
,-100.0,100,4984.426328
,-100.0,100,4986.711056
,-100.0,100,4988.943103
,-100.0,100,4991.132595
,-100.0,100,4993.434741
,-100.0,100,4995.671778
,-100.0,100,4997.934213
,-100.0,100,5000.165106
,-100.0,100,5002.489314
,-100.0,100,5004.619365
,-100.0,100,5006.936237
,-100.0,100,5009.222196
,-100.0,100,5011.524121
,-100.0,100,5013.7565
,-100.0,100,5016.008061
,-100.0,100,5018.348851
,-100.0,100,5020.598461
,-100.0,100,5022.758332
,-100.0,100,5025.048238
,-100.0,100,5027.313258
,-100.0,100,5029.503253
,-100.0,100,5031.739748
,-100.0,100,5034.017391
,-100.0,100,5036.235225
,-100.0,100,5038.476254
,-100.0,100,5040.780174
,-100.0,100,5042.950396
,-100.0,100,5045.294793
,-100.0,100,5047.538805
,-100.0,100,5049.808562
,-100.0,100,5052.093368
,-100.0,100,5054.419935
,-100.0,100,5056.660055
,-100.0,100,5058.85999
,-100.0,100,5061.12576
,-100.0,100,5063.359782
,-100.0,100,5065.57552
,-100.0,100,5067.910345
,-100.0,100,5070.141487
,-100.0,100,5072.436708
,-100.0,100,5074.611945
,-100.0,100,5076.866975
,-100.0,100,5079.054548
,-100.0,100,5081.337304
,-100.0,100,5083.671744
,-100.0,100,5085.8558
,-99.0,100,5088.079793
,-100.0,100,5090.332135
,-100.0,100,5092.592872
,-100.0,100,5094.893104
,-100.0,100,5097.160762
,-100.0,100,5097.820366
,-100.0,100,5098.471665
,-100.0,100,5099.136803
,-100.0,100,5099.767557
,-100.0,100,5100.445666
,-100.0,100,5101.047068
,-100.0,100,5101.734227
,-100.0,100,5102.366973
,-100.0,100,5102.978887
,-100.0,100,5103.860379
,-100.0,100,5106.138831
,-100.0,100,5108.332248
,-100.0,100,5110.604801
,-100.0,100,5112.945146
,-100.0,100,5115.192309
,-100.0,100,5117.450423
,-100.0,100,5119.770948
,-100.0,100,5122.066617
,-100.0,100,5124.310591
,-100.0,100,5126.490028
,-100.0,100,5128.833576
,-100.0,100,5131.089455
,-100.0,100,5133.367375
,-100.0,100,5135.620831
,-100.0,100,5137.920415
,-100.0,100,5140.082405
,-100.0,100,5142.460512
,-100.0,100,5144.665819
,-100.0,100,5146.869691
,-100.0,100,5149.205688
,-100.0,100,5151.509589
,-100.0,100,5153.648078
,-100.0,100,5155.892076
,-100.0,100,5158.215566
,-100.0,100,5160.360421
,-100.0,100,5162.731545
,-100.0,100,5165.083839
,-100.0,100,5167.259815
,-100.0,100,5169.564669
,-100.0,100,5171.813636
,-100.0,100,5174.145262
,-100.0,100,5176.355497
,-100.0,100,5178.544502
,-100.0,100,5180.797297
,-100.0,100,5183.095725
,-100.0,100,5185.427538
,-100.0,100,5187.650732
,-100.0,100,5189.851287
,-100.0,100,5192.19455
,-100.0,100,5194.391245
,-100.0,100,5196.659413
,-100.0,100,5198.871819
,-100.0,100,5201.134564
,-100.0,100,5203.470796
,-100.0,100,5205.626753
,-100.0,100,5207.897156
,-100.0,100,5210.257651
,-100.0,100,5212.412169
,-100.0,100,5214.795963
,-100.0,100,5217.004835
,-100.0,100,5217.616096
,-100.0,100,5218.172372
,-100.0,100,5218.81499
,-100.0,100,5219.437785
,-100.0,100,5220.042272
,-100.0,100,5220.770526
,-100.0,100,5221.40011
,-100.0,100,5222.056535
,-100.0,100,5222.731928
,-100.0,100,5223.760661
,-100.0,100,5226.007891
,-100.0,100,5228.266022
,-100.0,100,5230.544016
,-100.0,100,5232.803897
,-100.0,100,5235.114842
,-100.0,100,5237.326187
,-100.0,100,5239.494195
,-100.0,100,5241.782282
,-100.0,100,5244.138696
,-100.0,100,5246.466658
,-100.0,100,5248.763506
,-100.0,100,5251.055604
,-100.0,100,5253.359137
,-100.0,100,5255.62083
,-100.0,100,5257.829657
,-100.0,100,5260.012146
,-100.0,100,5262.260598
,-100.0,100,5264.586998
,-100.0,100,5266.72936
,-100.0,100,5269.109445
,-100.0,100,5271.273249
,-100.0,100,5273.649649
,-100.0,100,5275.966068
,-100.0,100,5278.184736
,-100.0,100,5280.556961
,-100.0,100,5282.73438
,-100.0,100,5285.039369
,-100.0,100,5287.349122
,-100.0,100,5289.641833
,-100.0,100,5291.849392
,-100.0,100,5294.079089
,-100.0,100,5296.337055
,-100.0,100,5298.611087
,-100.0,100,5300.961776
,-100.0,100,5303.196676
,-100.0,100,5305.460418
,-100.0,100,5307.688751
,-100.0,100,5309.96507
,-100.0,100,5312.303164
,-100.0,100,5314.44941
,-100.0,100,5316.735226
,-100.0,100,5318.989457
,-100.0,100,5321.260567
,-100.0,100,5323.547737
,-100.0,100,5325.764168
,-100.0,100,5328.078602
,-100.0,100,5330.306158
,-100.0,100,5332.648263
,-100.0,100,5334.822167
,-100.0,100,5337.124588
,-100.0,100,5337.759985
,-100.0,100,5338.443305
,-100.0,100,5339.144915
,-100.0,100,5339.759717
,-100.0,100,5340.438593
,-100.0,100,5341.037329
,-100.0,100,5341.665729
,-100.0,100,5342.352894
,-100.0,100,5342.967785
,-100.0,100,5343.759631
,-100.0,100,5346.045684
,-100.0,100,5348.215744
,-100.0,100,5350.44329
,-100.0,100,5352.75371
,-100.0,100,5355.038135
,-100.0,100,5357.365278
,-100.0,100,5359.528565
,-100.0,100,5361.830763
,-100.0,100,5364.079972
,-100.0,100,5366.327427
,-100.0,100,5368.627762
,-100.0,100,5370.915372
,-100.0,100,5373.152959
,-100.0,100,5375.39232
,-100.0,100,5377.715234
,-100.0,100,5380.106999
,-100.0,100,5382.285632
,-100.0,100,5384.501051
,-100.0,100,5386.777114
,-100.0,100,5389.128975
,-100.0,100,5391.296788
,-100.0,100,5393.570121
,-100.0,100,5395.845584
,-100.0,100,5398.178082
,-100.0,100,5400.369179
,-100.0,100,5402.728508
,-100.0,100,5404.883336
,-100.0,100,5407.206993
,-100.0,100,5409.436902
,-100.0,100,5411.7085
,-100.0,100,5413.993953
,-100.0,100,5416.299881
,-100.0,100,5418.505697
,-100.0,100,5420.821468
,-100.0,100,5423.130448
,-100.0,100,5425.358332
,-100.0,100,5427.665193
,-100.0,100,5429.922221
,-100.0,100,5432.152371
,-100.0,100,5434.491461
,-100.0,100,5436.758741
,-99.0,100,5439.051727
,-100.0,100,5441.266077
,-100.0,100,5443.581352
,-100.0,100,5445.763314
,-96.0,100,5448.156726
,-100.0,100,5450.316811
,-100.0,100,5452.610234
,-100.0,100,5454.893869
,-100.0,100,5457.221113
,-100.0,100,5457.912444
,-100.0,100,5458.554286
,-100.0,100,5459.231558
,-100.0,100,5459.88705
,-100.0,100,5460.512586
,-100.0,100,5461.243611
,-100.0,100,5461.946235
,-100.0,100,5462.595558
,-100.0,100,5463.289654
,-100.0,100,5463.960656
,-100.0,100,5466.177187
,-100.0,100,5468.419399
,-100.0,100,5470.746073
,-100.0,100,5472.973661
,-100.0,100,5475.269077
,-100.0,100,5477.566552
,-100.0,100,5479.783803
,-100.0,100,5481.997302
,-100.0,100,5484.387173
,-100.0,100,5486.626446
,-100.0,100,5488.836473
,-100.0,100,5491.212594
,-100.0,100,5493.450827
,-100.0,100,5495.768039
,-100.0,100,5498.006343
,-100.0,100,5500.244013
,-100.0,100,5502.502615
,-100.0,100,5504.896337
,-100.0,100,5507.028237
,-100.0,100,5509.302102
,-100.0,100,5511.598334
,-100.0,100,5513.820975
,-100.0,100,5516.111144
,-100.0,100,5518.356979
,-100.0,100,5520.639122
,-100.0,100,5522.885681
,-100.0,100,5525.148877
,-100.0,100,5527.397038
,-100.0,100,5529.748392
,-100.0,100,5532.005578
,-100.0,100,5534.224252
,-100.0,100,5536.461111
,-100.0,100,5538.756316
,-100.0,100,5541.048266
,-100.0,100,5543.296934
,-100.0,100,5545.527711
,-100.0,100,5547.759156
,-100.0,100,5550.068448
,-100.0,100,5552.26507
,-100.0,100,5554.531278
,-100.0,100,5556.757938
,-100.0,100,5559.070977
,-100.0,100,5561.287639
,-100.0,100,5563.484208
,-100.0,100,5565.872301
,-100.0,100,5568.192471
,-100.0,100,5570.376445
,-100.0,100,5572.716397
,-100.0,100,5574.966277
,-100.0,100,5577.329174
,-100.0,100,5577.941212
,-100.0,100,5578.589291
,-100.0,100,5579.198793
,-100.0,100,5579.787393
,-100.0,100,5580.383456
,-100.0,100,5581.046356
,-100.0,100,5581.639865
,-100.0,100,5582.271429
,-100.0,100,5582.88645
,-100.0,100,5583.828591
,-100.0,100,5586.141167
,-100.0,100,5588.414164
,-100.0,100,5590.597539
,-100.0,100,5593.02444
,-100.0,100,5595.219269
,-100.0,100,5597.525125
,-100.0,100,5599.751871
,-100.0,100,5601.989368
,-100.0,100,5604.180687
,-100.0,100,5606.454677
,-100.0,100,5608.779704
,-98.0,100,5611.133193
,-100.0,100,5613.464418
,-100.0,100,5615.73018
,-100.0,100,5617.914675
,-100.0,100,5620.343681
,-100.0,100,5622.614866
,-100.0,100,5624.91372
,-100.0,100,5627.159219
,-100.0,100,5629.49948
,-100.0,100,5631.747643
,-100.0,100,5634.019166
,-100.0,100,5636.376314
,-100.0,100,5638.531371
,-100.0,100,5640.862122
,-100.0,100,5643.145071
,-100.0,100,5645.389278
,-100.0,100,5647.643914
,-100.0,100,5649.911402
,-100.0,100,5652.14926
,-100.0,100,5654.475374
,-100.0,100,5656.703246
,-100.0,100,5659.100297
,-100.0,100,5661.311433
,-100.0,100,5663.604366
,-97.0,100,5665.963213
,-100.0,100,5668.208167
,-100.0,100,5670.477861
,-100.0,100,5672.730816
,-100.0,100,5675.031179
,-100.0,100,5677.321302
,-100.0,100,5679.612691
,-100.0,100,5681.906473
,-100.0,100,5684.200412
,-100.0,100,5686.450001
,-100.0,100,5688.697055
,-100.0,100,5691.00526
,-100.0,100,5693.36446
,-100.0,100,5695.529717
,-100.0,100,5697.895355
,-100.0,100,5698.550133
,-100.0,100,5699.250915
,-100.0,100,5699.927964
,-100.0,100,5700.666028
,-100.0,100,5701.289454
,-100.0,100,5701.978331
,-100.0,100,5702.729626
,-100.0,100,5703.365137
,-100.0,100,5703.934773
,-100.0,100,5704.669775
,-100.0,100,5706.817767
,-100.0,100,5709.13817
,-100.0,100,5711.438616
,-100.0,100,5713.698684
,-100.0,100,5715.940656
,-100.0,100,5718.292371
,-100.0,100,5720.551327
,-100.0,100,5722.798602
,-100.0,100,5725.073503
,-100.0,100,5727.362367
,-100.0,100,5729.74699
,-100.0,100,5732.006764
,-100.0,100,5734.189558
,-100.0,100,5736.507823
,-97.0,100,5738.880905
,-100.0,100,5741.075418
,-100.0,100,5743.444463
,-100.0,100,5745.726916
,-100.0,100,5747.913704
,-100.0,100,5750.2719
,-100.0,100,5752.449797
,-100.0,100,5754.772954
,-100.0,100,5757.096082
,-100.0,100,5759.275918
,-100.0,100,5761.520825
,-100.0,100,5763.832311
,-100.0,100,5766.089043
,-100.0,100,5768.43987
,-100.0,100,5770.583241
,-100.0,100,5772.978632
,-100.0,100,5775.222881
,-100.0,100,5777.476788
,-100.0,100,5779.787858
,-100.0,100,5781.986211
,-100.0,100,5784.359079
,-94.0,100,5786.650285
,-100.0,100,5788.796476
,-100.0,100,5791.210836
,-100.0,100,5793.43927
,-100.0,100,5795.736966
,-100.0,100,5797.922367
,-100.0,100,5800.286433
,-100.0,100,5802.547219
,-100.0,100,5804.813672
,-100.0,100,5807.029965
,-100.0,100,5809.368497
,-100.0,100,5811.540644
,-100.0,100,5813.845413
,-100.0,100,5816.134331
,-100.0,100,5818.370699
,-100.0,100,5819.025005
,-100.0,100,5819.695534
,-100.0,100,5820.390242
,-100.0,100,5821.021144
,-100.0,100,5821.629081
,-100.0,100,5822.281541
,-100.0,100,5822.891844
,-100.0,100,5823.558064
,-100.0,100,5824.286821
,-100.0,100,5825.165544
,-100.0,100,5827.384099
,-100.0,100,5829.622589
,-100.0,100,5831.912786
,-100.0,100,5834.224949
,-100.0,100,5836.560663
,-100.0,100,5838.800546
,-100.0,100,5841.111987
,-100.0,100,5843.404666
,-100.0,100,5845.70381
,-100.0,100,5847.968669
,-100.0,100,5850.31196
,-100.0,100,5852.523444
,-100.0,100,5854.703896
,-100.0,100,5857.098322
,-100.0,100,5859.352634
,-100.0,100,5861.63316
,-100.0,100,5863.959371
,-100.0,100,5866.115387
,-100.0,100,5868.546018
,-100.0,100,5870.762326
,-100.0,100,5873.020653
,-100.0,100,5875.274462
,-100.0,100,5877.651616
,-100.0,100,5879.741808
,-100.0,100,5882.05834
,-100.0,100,5884.404221
,-100.0,100,5886.551603
,-100.0,100,5888.92727
,-100.0,100,5891.280561
,-100.0,100,5893.658199
,-100.0,100,5895.851954
,-100.0,100,5898.173563
,-100.0,100,5900.446833
,-100.0,100,5902.629392
,-100.0,100,5904.952843
,-100.0,100,5907.274722
,-100.0,100,5909.53997
,-100.0,100,5911.776503
,-100.0,100,5914.135426
,-100.0,100,5916.385559
,-100.0,100,5918.631225
,-100.0,100,5920.911474
,-100.0,100,5923.245152
,-100.0,100,5925.486798
,-100.0,100,5927.785524
,-100.0,100,5930.108017
,-100.0,100,5932.316693
,-100.0,100,5934.704593
,-100.0,100,5936.985044
,-100.0,100,5939.301807
,-100.0,100,5939.943997
,-100.0,100,5940.571793
,-100.0,100,5941.208761
,-100.0,100,5941.892313
,-100.0,100,5942.513347
,-100.0,100,5943.141998
,-100.0,100,5943.746952
,-100.0,100,5944.38967
,-100.0,100,5945.010823
,-100.0,100,5945.771395
,-100.0,100,5948.035677
,-100.0,100,5950.357826
,-100.0,100,5952.655164
,-100.0,100,5954.848783
,-100.0,100,5957.188407
,-100.0,100,5959.531531
,-100.0,100,5961.810928
,-100.0,100,5964.030442
,-100.0,100,5966.36758
,-100.0,100,5968.578095
,-100.0,100,5970.868352
,-100.0,100,5973.218075
,-100.0,100,5975.404894
,-100.0,100,5977.66036
,-100.0,100,5979.90762
,-100.0,100,5982.203431
,-100.0,100,5984.531909
,-100.0,100,5986.827005
,-100.0,100,5989.098589
,-100.0,100,5991.359939
,-100.0,100,5993.775965
,-100.0,100,5995.912148
,-100.0,100,5998.281468
,-100.0,100,6000.501019
,-100.0,100,6002.757179
,-100.0,100,6005.128927
,-100.0,100,6007.372115
,-100.0,100,6009.633896
,-100.0,100,6011.882086
,-100.0,100,6014.161493
,-100.0,100,6016.391395
,-100.0,100,6018.727941
,-100.0,100,6020.987033
,-100.0,100,6023.175049
,-100.0,100,6025.420417
,-100.0,100,6027.787344
,-100.0,100,6030.029903
,-100.0,100,6032.276709
,-100.0,100,6034.636159
,-100.0,100,6036.839604
,-100.0,100,6039.192338
,-100.0,100,6041.389375
,-100.0,100,6043.718846
,-100.0,100,6046.036125
,-100.0,100,6048.289029
,-84.0,100,6050.605619
,-100.0,100,6052.970119
,-100.0,100,6055.201589
,-100.0,100,6057.449345
,-100.0,100,6059.889729
,-100.0,100,6060.503392
,-100.0,100,6061.143835
,-100.0,100,6061.808369
,-100.0,100,6062.425248
,-100.0,100,6063.047554
,-100.0,100,6063.714788
,-100.0,100,6064.370978
,-100.0,100,6065.017184
,-100.0,100,6065.738043
,-100.0,100,6066.573738
,-100.0,100,6068.822139
,-100.0,100,6071.180057
,-100.0,100,6073.436427
,-100.0,100,6075.744401
,-100.0,100,6077.997887
,-100.0,100,6080.365668
,-100.0,100,6082.619572
,-100.0,100,6084.910537
,-100.0,100,6087.159678
,-100.0,100,6089.434056
,-100.0,100,6091.857799
,-100.0,100,6094.02476
,-100.0,100,6096.303459
,-100.0,100,6098.572886
,-100.0,100,6100.990283
,-100.0,100,6103.222405
,-100.0,100,6105.552025
,-100.0,100,6107.775703
,-100.0,100,6110.073247
,-100.0,100,6112.256571
,-100.0,100,6114.52918
,-100.0,100,6116.866826
,-100.0,100,6119.186512
,-100.0,100,6121.455005
,-100.0,100,6123.77859
,-100.0,100,6126.037303
,-100.0,100,6128.233299
,-100.0,100,6130.484119
,-100.0,100,6132.792945
,-100.0,100,6135.112766
,-100.0,100,6137.379274
,-100.0,100,6139.67463
,-100.0,100,6142.030115
,-100.0,100,6144.218642
,-100.0,100,6146.585174
,-100.0,100,6148.895273
,-100.0,100,6151.134718
,-100.0,100,6153.492029
,-100.0,100,6155.757895
,-100.0,100,6157.990949
,-100.0,100,6160.360762
,-100.0,100,6162.64851
,-100.0,100,6164.789407
,-100.0,100,6167.189004
,-100.0,100,6169.521788
,-100.0,100,6171.815004
,-100.0,100,6173.969466
,-100.0,100,6176.339143
,-99.0,100,6178.611543
,-100.0,100,6181.035627
,-100.0,100,6181.69104
,-100.0,100,6182.420925
,-100.0,100,6183.079767
,-100.0,100,6183.763052
,-100.0,100,6184.416088
,-100.0,100,6185.091137
,-100.0,100,6185.66649
,-100.0,100,6186.253956
,-100.0,100,6186.920583
,-100.0,100,6187.79757
,-100.0,100,6190.007961
,-100.0,100,6192.324113
,-100.0,100,6194.64352
,-100.0,100,6196.968823
,-100.0,100,6199.201174
,-100.0,100,6201.475551
,-100.0,100,6203.742741
,-100.0,100,6206.013793
,-100.0,100,6208.382827
,-96.0,100,6210.643058
,-100.0,100,6212.909887
,-100.0,100,6215.138893
,-100.0,100,6217.412238
,-100.0,100,6219.747987
,-100.0,100,6222.001052
,-100.0,100,6224.302538
,-100.0,100,6226.594991
,-100.0,100,6228.899143
,-100.0,100,6231.075981
,-100.0,100,6233.376598
,-100.0,100,6235.701796
,-100.0,100,6237.954845
,-100.0,100,6240.262702
,-100.0,100,6242.517197
,-100.0,100,6244.842779
,-100.0,100,6247.176915
,-100.0,100,6249.364893
,-100.0,100,6251.634601
,-100.0,100,6254.049185
,-100.0,100,6256.241836
,-100.0,100,6258.606583
,-100.0,100,6260.760547
,-100.0,100,6263.180225
,-100.0,100,6265.507269
,-100.0,100,6267.720164
,-100.0,100,6269.937566
,-100.0,100,6272.290219
,-100.0,100,6274.546235
,-100.0,100,6276.707085
,-100.0,100,6279.072348
,-100.0,100,6281.300123
,-100.0,100,6283.619813
,-100.0,100,6285.862125
,-100.0,100,6288.159362
,-100.0,100,6290.433833
,-100.0,100,6292.785718
,-100.0,100,6295.056592
,-100.0,100,6297.411008
,-100.0,100,6299.766289
,-100.0,100,6302.0887
,-100.0,100,6302.770559
,-100.0,100,6303.440524
,-100.0,100,6304.066373
,-100.0,100,6304.757392
,-100.0,100,6305.415723
,-100.0,100,6305.979741
,-100.0,100,6306.614273
,-100.0,100,6307.25685
,-100.0,100,6307.87185
,-100.0,100,6308.835272
,-100.0,100,6311.194811
,-100.0,100,6313.498473
,-100.0,100,6315.785339
,-100.0,100,6318.046634
,-100.0,100,6320.3564
,-100.0,100,6322.633435
,-100.0,100,6324.855877
,-100.0,100,6327.230671
,-97.0,100,6329.582083
,-100.0,100,6331.868571
,-100.0,100,6334.131946
,-100.0,100,6336.480595
,-100.0,100,6338.702204
,-100.0,100,6340.984133
,-100.0,100,6343.374886
,-100.0,100,6345.635907
,-100.0,100,6347.88818
,-100.0,100,6350.169874
,-100.0,100,6352.51697
,-100.0,100,6354.784689
,-100.0,100,6357.08175
,-100.0,100,6359.384317
,-100.0,100,6361.582633
,-100.0,100,6363.93057
,-100.0,100,6366.260768
,-100.0,100,6368.557905
,-100.0,100,6370.910816
,-100.0,100,6373.177263
,-100.0,100,6375.426565
,-100.0,100,6377.765796
,-100.0,100,6380.083846
,-100.0,100,6382.386932
,-100.0,100,6384.794512
,-100.0,100,6386.980412
,-100.0,100,6389.267317
,-100.0,100,6391.519411
,-100.0,100,6393.983307
,-100.0,100,6396.258965
,-100.0,100,6398.520212
,-100.0,100,6400.764799
,-100.0,100,6402.98254
,-100.0,100,6405.233983
,-100.0,100,6407.672136
,-100.0,100,6409.870632
,-100.0,100,6412.155259
,-100.0,100,6414.483093
,-100.0,100,6416.67874
,-100.0,100,6419.071549
,-100.0,100,6421.312089
,-100.0,100,6423.607074
,-100.0,100,6424.321598
,-100.0,100,6424.950761
,-100.0,100,6425.564736
,-100.0,100,6426.194113
,-100.0,100,6426.864125
,-100.0,100,6427.500344
,-100.0,100,6428.141217
,-100.0,100,6428.762581
,-100.0,100,6429.44527
,-100.0,100,6430.418522
,-100.0,100,6432.665247
,-100.0,100,6435.031656
,-100.0,100,6437.306831
,-100.0,100,6439.606667
,-100.0,100,6441.883987
,-100.0,100,6444.124091
,-100.0,100,6446.472901
,-100.0,100,6448.771808
,-100.0,100,6450.958257
,-100.0,100,6453.29072
,-100.0,100,6455.635615
,-100.0,100,6457.913017
,-100.0,100,6460.297925
,-100.0,100,6462.484699
,-100.0,100,6464.875036
,-100.0,100,6467.205254
,-100.0,100,6469.481628
,-100.0,100,6471.726692
,-100.0,100,6474.051812
,-100.0,100,6476.318173
,-100.0,100,6478.60477
,-100.0,100,6480.937123
,-100.0,100,6483.197773
,-100.0,100,6485.339915
,-100.0,100,6487.654486
,-100.0,100,6489.927075
,-100.0,100,6492.294991
,-100.0,100,6494.55291
,-100.0,100,6496.98144
,-100.0,100,6499.239187
,-100.0,100,6501.429272
,-100.0,100,6503.747682
,-100.0,100,6506.063797
,-100.0,100,6508.312144
,-100.0,100,6510.585753
,-100.0,100,6512.773318
,-100.0,100,6515.103441
,-100.0,100,6517.342502
,-100.0,100,6519.634912
,-100.0,100,6522.104726
,-100.0,100,6524.36896
,-100.0,100,6526.597426
,-100.0,100,6528.94853
,-100.0,100,6531.298543
,-100.0,100,6533.51217
,-100.0,100,6535.813818
,-100.0,100,6538.001707
,-100.0,100,6540.305189
,-100.0,100,6542.559073
,-100.0,100,6544.867661
,-100.0,100,6545.551096
,-100.0,100,6546.21364
,-100.0,100,6546.811553
,-100.0,100,6547.391055
,-100.0,100,6548.065572
,-100.0,100,6548.747956
,-100.0,100,6549.384347
,-100.0,100,6549.971462
,-100.0,100,6550.572787
,-100.0,100,6551.597009
,-100.0,100,6553.92327
,-100.0,100,6556.161826
,-100.0,100,6558.423666
,-100.0,100,6560.766106
,-100.0,100,6562.99608
,-100.0,100,6565.339652
,-100.0,100,6567.706228
,-100.0,100,6570.010508
,-100.0,100,6572.353331
,-100.0,100,6574.699061
,-100.0,100,6576.959601
,-100.0,100,6579.252469
,-100.0,100,6581.594368
,-100.0,100,6583.864402
,-100.0,100,6586.15639
,-100.0,100,6588.444215
,-100.0,100,6590.745892
,-100.0,100,6593.076483
,-100.0,100,6595.354049
,-100.0,100,6597.63201
,-100.0,100,6600.000333
,-100.0,100,6602.265217
,-100.0,100,6604.448155
,-100.0,100,6606.901121
,-100.0,100,6609.225879
,-100.0,100,6611.569536
,-100.0,100,6613.92377
,-100.0,100,6616.128923
,-100.0,100,6618.458306
,-100.0,100,6620.794954
,-100.0,100,6623.085536
,-100.0,100,6625.326136
,-100.0,100,6627.531132
,-100.0,100,6629.948334
,-100.0,100,6632.238941
,-100.0,100,6634.532924
,-100.0,100,6636.712717
,-100.0,100,6639.028877
,-100.0,100,6641.390239
,-100.0,100,6643.682371
,-100.0,100,6645.986629
,-99.0,100,6648.256689
,-100.0,100,6650.494269
,-100.0,100,6652.878796
,-100.0,100,6655.123757
,-100.0,100,6657.437359
,-100.0,100,6659.722257
,-100.0,100,6662.016326
,-100.0,100,6664.269092
,-100.0,100,6666.619501
,-100.0,100,6667.322052
,-100.0,100,6668.032319
,-100.0,100,6668.696675
,-100.0,100,6669.362869
,-100.0,100,6669.979016
,-100.0,100,6670.600575
,-100.0,100,6671.281756
,-100.0,100,6671.96802
,-100.0,100,6672.587253
,-100.0,100,6673.232929
,-100.0,100,6675.515093
,-100.0,100,6677.862194
,-100.0,100,6680.101814
,-100.0,100,6682.462672
,-100.0,100,6684.818467
,-100.0,100,6687.030597
,-100.0,100,6689.280386
,-100.0,100,6691.564429
,-100.0,100,6693.876367
,-100.0,100,6696.176042
,-100.0,100,6698.522843
,-100.0,100,6700.850679
,-100.0,100,6703.118618
,-100.0,100,6705.472543
,-100.0,100,6707.710882
,-100.0,100,6709.945984
,-100.0,100,6712.392816
,-100.0,100,6714.61277
,-100.0,100,6716.830227
,-100.0,100,6719.121147
,-100.0,100,6721.452115
,-100.0,100,6723.84769
,-100.0,100,6726.0448
,-100.0,100,6728.359299
,-100.0,100,6730.61994
,-100.0,100,6733.029181
,-100.0,100,6735.321346
,-100.0,100,6737.675404
,-100.0,100,6739.961947
,-100.0,100,6742.354558
,-100.0,100,6744.633941
,-100.0,100,6746.963657
,-100.0,100,6749.296214
,-100.0,100,6751.640121
,-100.0,100,6753.887418
,-100.0,100,6756.2593
,-100.0,100,6758.469143
,-100.0,100,6760.734086
,-100.0,100,6763.180265
,-100.0,100,6765.393999
,-100.0,100,6767.625792
,-100.0,100,6769.97645
,-100.0,100,6772.277437
,-100.0,100,6774.53518
,-100.0,100,6776.85427
,-100.0,100,6779.180408
,-100.0,100,6781.436319
,-100.0,100,6783.723303
,-100.0,100,6785.966002
,-100.0,100,6788.326192
,-100.0,100,6789.007229
,-100.0,100,6789.666263
,-100.0,100,6790.320465
,-100.0,100,6790.913374
,-100.0,100,6791.543357
,-100.0,100,6792.143867
,-100.0,100,6792.79186
,-100.0,100,6793.424806
,-100.0,100,6794.045817
,-100.0,100,6794.950389
,-100.0,100,6797.240302
,-100.0,100,6799.579634
,-100.0,100,6801.904283
,-100.0,100,6804.217807
,-100.0,100,6806.400917
,-100.0,100,6808.776457
,-100.0,100,6811.083543
,-100.0,100,6813.371086
,-100.0,100,6815.623758
,-100.0,100,6818.014304
,-100.0,100,6820.398647
,-100.0,100,6822.648904
,-100.0,100,6824.972423
,-100.0,100,6827.271243
,-100.0,100,6829.58476
,-100.0,100,6831.911957
,-100.0,100,6834.291002
,-100.0,100,6836.567155
,-100.0,100,6838.834749
,-100.0,100,6841.194027
,-100.0,100,6843.413545
,-100.0,100,6845.697955
,-100.0,100,6848.003534
,-100.0,100,6850.332326
,-100.0,100,6852.679793
,-100.0,100,6854.875155
,-100.0,100,6857.173712
,-100.0,100,6859.485807
,-100.0,100,6861.837815
,-100.0,100,6864.14384
,-100.0,100,6866.43458
,-100.0,100,6868.693367
,-100.0,100,6871.055031
,-100.0,100,6873.236228
,-100.0,100,6875.617449
,-100.0,100,6877.913623
,-100.0,100,6880.269167
,-100.0,100,6882.62329
,-100.0,100,6885.010788
,-100.0,100,6887.167031
,-100.0,100,6889.475159
,-100.0,100,6891.809647
,-100.0,100,6894.12661
,-100.0,100,6896.427956
,-100.0,100,6898.753132
,-100.0,100,6901.08865
,-100.0,100,6903.446488
,-100.0,100,6905.776275
,-100.0,100,6907.963444
,-100.0,100,6910.320378
,-100.0,100,6910.943642
,-100.0,100,6911.586969
,-100.0,100,6912.191675
,-100.0,100,6912.80243
,-100.0,100,6913.411111
,-100.0,100,6914.033374
,-100.0,100,6914.709995
,-100.0,100,6915.296246
,-100.0,100,6915.897828
,-100.0,100,6917.031916
,-100.0,100,6919.334176
,-100.0,100,6921.600658
,-100.0,100,6923.898178
,-100.0,100,6926.265966
,-100.0,100,6928.502317
,-100.0,100,6930.909558
,-100.0,100,6933.153341
,-100.0,100,6935.573241
,-100.0,100,6937.936278
,-100.0,100,6940.207727
,-100.0,100,6942.487951
,-100.0,100,6944.777935
,-100.0,100,6947.152187
,-100.0,100,6949.32572
,-100.0,100,6951.714126
,-100.0,100,6954.006219
,-100.0,100,6956.3083
,-100.0,100,6958.576442
,-100.0,100,6960.960243
,-100.0,100,6963.221523
,-100.0,100,6965.578814
,-100.0,100,6967.904739
,-100.0,100,6970.143021
,-100.0,100,6972.421705
,-100.0,100,6974.663056
,-100.0,100,6976.937289
,-100.0,100,6979.290952
,-100.0,100,6981.597599
,-100.0,100,6983.89428
,-100.0,100,6986.295986
,-100.0,100,6988.552933
,-100.0,100,6990.83416
,-100.0,100,6993.14384
,-100.0,100,6995.437709
,-100.0,100,6997.767915
,-100.0,100,7000.017573
,-100.0,100,7002.35557
,-100.0,100,7004.67539
,-100.0,100,7006.891975
,-100.0,100,7009.374943
,-100.0,100,7011.616411
,-100.0,100,7013.955518
,-100.0,100,7016.202346
,-100.0,100,7018.596959
,-100.0,100,7020.910112
,-100.0,100,7023.197336
,-81.0,100,7025.410229
,-100.0,100,7027.764081
,-100.0,100,7030.115661
,-100.0,100,7032.382562
,-100.0,100,7033.036448
,-100.0,100,7033.71912
,-100.0,100,7034.311008
,-100.0,100,7034.904704
,-100.0,100,7035.556961
,-100.0,100,7036.19959
,-100.0,100,7036.838624
,-100.0,100,7037.535877
,-100.0,100,7038.240664
,-100.0,100,7039.01561
,-100.0,100,7041.376893
,-100.0,100,7043.704245
,-100.0,100,7046.064885
,-100.0,100,7048.267426
,-100.0,100,7050.634632
,-100.0,100,7052.896869
,-100.0,100,7055.171696
,-100.0,100,7057.475323
,-100.0,100,7059.921218
,-100.0,100,7062.184695
,-100.0,100,7064.493214
,-100.0,100,7066.794333
,-100.0,100,7069.059775
,-100.0,100,7071.383571
,-100.0,100,7073.759909
,-100.0,100,7075.960752
,-100.0,100,7078.282703
,-100.0,100,7080.664923
,-100.0,100,7082.906521
,-100.0,100,7085.191103
,-100.0,100,7087.670849
,-100.0,100,7089.97459
,-100.0,100,7092.219711
,-100.0,100,7094.543964
,-100.0,100,7096.889468
,-100.0,100,7099.195106
,-100.0,100,7101.548812
,-100.0,100,7103.808079
,-100.0,100,7106.091327
,-100.0,100,7108.385056
,-100.0,100,7110.710039
,-100.0,100,7113.005322
,-100.0,100,7115.324471
,-100.0,100,7117.601425
,-100.0,100,7119.952223
,-100.0,100,7122.215618
,-100.0,100,7124.493514
,-100.0,100,7126.804281
,-100.0,100,7129.184647
,-100.0,100,7131.401973
,-100.0,100,7133.773231
,-100.0,100,7136.041231
,-100.0,100,7138.430395
,-100.0,100,7140.735772
,-100.0,100,7143.00198
,-100.0,100,7145.366889
,-100.0,100,7147.66285
,-100.0,100,7150.044084
,-100.0,100,7152.271657
,-100.0,100,7154.634798
,-100.0,100,7155.289962
,-100.0,100,7155.897213
,-100.0,100,7156.538708
,-100.0,100,7157.261531
,-100.0,100,7157.886979
,-100.0,100,7158.538004
,-100.0,100,7159.197611
,-100.0,100,7159.83101
,-96.0,100,7160.463937
,-100.0,100,7161.166511
,-100.0,100,7163.508342
,-100.0,100,7165.878992
,-100.0,100,7168.254299
,-100.0,100,7170.471885
,-100.0,100,7172.794956
,-100.0,100,7175.141861
,-100.0,100,7177.458184
,-100.0,100,7179.714793
,-100.0,100,7182.108434
,-100.0,100,7184.299438
,-100.0,100,7186.739041
,-100.0,100,7188.935153
,-100.0,100,7191.36156
,-100.0,100,7193.59483
,-100.0,100,7195.984846
,-100.0,100,7198.316998
,-100.0,100,7200.713304
,-100.0,100,7202.973869
,-100.0,100,7205.222936
,-100.0,100,7207.598485
,-100.0,100,7209.918307
,-100.0,100,7212.216376
,-100.0,100,7214.521089
,-100.0,100,7216.912849
,-100.0,100,7219.200511
,-100.0,100,7221.551542
,-100.0,100,7223.85719
,-100.0,100,7226.216117
,-100.0,100,7228.472734
,-100.0,100,7230.809399
,-100.0,100,7233.120593
,-100.0,100,7235.418833
,-100.0,100,7237.836581
,-100.0,100,7240.050241
,-100.0,100,7242.421538
,-100.0,100,7244.777296
,-100.0,100,7247.041783
,-100.0,100,7249.336807
,-100.0,100,7251.636274
,-100.0,100,7253.901876
,-100.0,100,7256.228003
,-100.0,100,7258.639578
,-100.0,100,7260.989274
,-100.0,100,7263.222299
,-100.0,100,7265.553564
,-100.0,100,7267.808343
,-100.0,100,7270.175984
,-100.0,100,7272.485405
,-100.0,100,7274.769983
,-90.0,100,7277.132929
,-100.0,100,7277.782003
,-100.0,100,7278.408012
,-100.0,100,7279.05504
,-91.0,100,7279.778793
,-100.0,100,7280.351877
,-100.0,100,7280.982265
,-100.0,100,7281.63426
,-100.0,100,7282.239804
,-100.0,100,7282.890846
,-100.0,100,7283.827995
,-100.0,100,7286.142688
,-100.0,100,7288.412042
,-100.0,100,7290.822285
,-100.0,100,7293.116951
,-100.0,100,7295.380836
,-100.0,100,7297.70382
,-100.0,100,7300.019973
,-100.0,100,7302.361152
,-100.0,100,7304.681118
,-100.0,100,7306.987256
,-100.0,100,7309.279574
,-100.0,100,7311.604322
,-100.0,100,7313.939466
,-100.0,100,7316.193062
,-100.0,100,7318.523261
,-100.0,100,7320.87446
,-100.0,100,7323.224519
,-100.0,100,7325.591283
,-100.0,100,7327.901406
,-100.0,100,7330.239687
,-100.0,100,7332.579876
,-100.0,100,7334.858176
,-100.0,100,7337.238899
,-100.0,100,7339.579135
,-100.0,100,7341.911652
,-100.0,100,7344.123898
,-100.0,100,7346.440479
,-100.0,100,7348.764384
,-100.0,100,7351.072555
,-100.0,100,7353.366042
,-100.0,100,7355.717828
,-100.0,100,7358.053204
,-100.0,100,7360.346414
,-100.0,100,7362.679171
,-100.0,100,7364.955888
,-100.0,100,7367.363258
,-99.0,100,7369.669831
,-100.0,100,7371.87158
,-100.0,100,7374.199938
,-100.0,100,7376.614793
,-100.0,100,7378.904131
,-91.0,100,7381.200354
,-100.0,100,7383.54881
,-100.0,100,7385.823478
,-100.0,100,7388.169703
,-100.0,100,7390.551038
,-100.0,100,7392.904905
,-100.0,100,7395.150384
,-100.0,100,7397.490401
,-100.0,100,7399.845875
,-100.0,100,7400.540968
,-100.0,100,7401.160919
,-100.0,100,7401.784901
,-100.0,100,7402.457495
